user_id,product_id,rating
U1000,caba31f4,4.3
U1000,00ddc95f,1.1
U1000,3db8c70f,4.6
U1000,509d3d92,1.5
U1000,0384be85,3.4
U1000,1fd91674,2.4
U1000,15fd117d,4.3
U1000,595e1925,2.4
U1000,73b3ba45,1.3
U1000,33208755,3.5
U1001,830d1616,3.4
U1001,10303f23,4.3
U1001,3e32c087,1.4
U1001,a2a1d7be,3.3
U1001,3f91d5ed,1.7
U1001,7540eff6,5.0
U1001,708df4d4,3.2
U1001,8adc3358,1.1
U1001,bb61e3f0,1.9
U1001,55ddd85b,4.3
U1002,f495612d,1.7
U1002,14525bfa,2.2
U1002,819fcf93,4.4
U1002,9f8d5b86,3.4
U1002,1c48b51c,1.8
U1002,0a3b92c2,4.9
U1002,96b7d4e5,4.1
U1002,f9272d67,2.2
U1002,f8e4fb34,1.4
U1002,94c0c6f4,4.1
U1003,031fff72,1.1
U1003,036df75a,1.2
U1003,10fdb333,1.8
U1003,ae5c93e9,3.9
U1003,8f86d0c7,1.8
U1003,5d7c1b6e,3.1
U1003,a5c88990,1.1
U1003,2b072b66,2.9
U1003,5d278388,1.4
U1003,d6c1c16d,1.1
U1004,a1be68d2,1.3
U1004,dfdc849d,4.4
U1004,c44ef1dd,2.6
U1004,b38f357a,4.4
U1004,c504f755,4.2
U1004,7dd66a9e,3.0
U1004,086d24e0,3.9
U1004,e64aa98f,2.1
U1004,520c08e5,1.1
U1004,3c50338b,1.8
U1005,ae5c93e9,2.6
U1005,57bb5c79,4.3
U1005,928b1a37,1.2
U1005,fc792cde,3.1
U1005,f4ec99ac,2.8
U1005,83812064,3.1
U1005,94c0c6f4,3.1
U1005,193dda4a,4.2
U1005,96b7d4e5,1.6
U1005,a72fe99f,2.3
U1006,2ebfc193,3.8
U1006,bd38cba4,1.5
U1006,7add4be3,4.4
U1006,99973820,1.6
U1006,499d0c58,2.7
U1006,0647d20e,4.9
U1006,3c4be0a8,4.2
U1006,a5c88990,2.7
U1006,cf5632fc,2.8
U1006,fce463f6,4.5
U1007,ae3acfd1,2.7
U1007,d6fc0d64,1.8
U1007,16b3d376,1.9
U1007,530cbd9c,2.1
U1007,499d0c58,1.6
U1007,24107b4c,4.5
U1007,f0a3d090,4.4
U1007,34bd90dc,2.8
U1007,4ad63459,3.8
U1007,393d1403,1.4
U1008,aa72303e,4.3
U1008,55ddd85b,4.9
U1008,ad2436b5,3.8
U1008,7a56fc2c,3.9
U1008,16c233ca,1.6
U1008,6b269064,4.6
U1008,4a037985,3.6
U1008,9cedc10f,3.0
U1008,e3e499e0,3.3
U1008,41f5595b,3.4
U1009,725c6e8a,2.5
U1009,cbbb1c98,3.1
U1009,c4f007d0,3.2
U1009,e3b2ee45,1.1
U1009,f9ba8ee6,3.8
U1009,f57a2ec0,4.5
U1009,b117ff47,1.3
U1009,28f3bef4,4.4
U1009,00ddc95f,3.2
U1009,f0c9cbff,4.8
U1010,96da513a,1.8
U1010,538a4a2d,1.6
U1010,7c40137c,4.6
U1010,a0489aac,2.0
U1010,5e64bb8f,3.6
U1010,d13e2c83,3.6
U1010,c1e44a99,2.5
U1010,6035519d,3.6
U1010,7dd66a9e,1.1
U1010,3a40c1a9,2.6
U1011,e64aa98f,4.5
U1011,845c2189,4.1
U1011,7de5faec,3.4
U1011,30fbb745,3.8
U1011,f45a9d43,4.8
U1011,bb61e3f0,1.7
U1011,fce2cfc7,4.1
U1011,530cbd9c,2.2
U1011,d93da090,4.4
U1011,8c16bfb3,2.5
U1012,0dbb70eb,3.6
U1012,3a55e3cc,3.5
U1012,10fdb333,1.5
U1012,0d9b0003,2.8
U1012,7fdd5880,1.8
U1012,9b87df9a,2.3
U1012,1208875c,4.9
U1012,4cbe74b0,4.4
U1012,1da5d7d9,1.5
U1012,ae3acfd1,1.3
U1013,220374f7,4.6
U1013,5d37dc6e,4.3
U1013,3401b201,1.0
U1013,5626eeb3,2.3
U1013,29425725,3.7
U1013,d6c1c16d,1.1
U1013,4afcf076,3.8
U1013,94faf927,3.1
U1013,759b81f4,3.0
U1013,59897df4,2.0
U1014,9eb60fd3,5.0
U1014,0a3b92c2,2.3
U1014,7740df97,4.9
U1014,45e44a3b,2.2
U1014,653ba8cd,2.5
U1014,32e2e2ff,2.3
U1014,b117ff47,1.5
U1014,4ad63459,3.1
U1014,19b783dd,3.0
U1014,0fb4ac55,2.0
U1015,2f989acf,1.5
U1015,d9d7260f,1.5
U1015,fa385764,4.1
U1015,11af39e3,4.7
U1015,81ed414d,3.0
U1015,75709af0,3.1
U1015,4f91f8fe,3.2
U1015,0584cb41,4.1
U1015,c7223d17,1.5
U1015,a4ad5385,1.9
U1016,7c68c5db,1.2
U1016,225da7e7,1.5
U1016,515057e9,4.8
U1016,7080da29,4.3
U1016,f4ec99ac,2.8
U1016,e0f67c5c,2.5
U1016,95899868,2.6
U1016,44a7f6f0,1.5
U1016,b0a09f68,1.9
U1016,509d3d92,1.2
U1017,1e3fd857,3.4
U1017,517fa833,4.4
U1017,f9ba8ee6,1.6
U1017,12ad87e3,3.4
U1017,024fcfe6,4.8
U1017,6decfc0c,4.5
U1017,e90948ea,4.8
U1017,ba56c4ee,4.3
U1017,e79f8a52,2.8
U1017,8c90681b,3.5
U1018,131d8bd4,3.6
U1018,18cc40fa,2.7
U1018,538a4a2d,2.3
U1018,59897df4,2.8
U1018,6886c2dc,4.9
U1018,ec1fc2d3,1.8
U1018,fb3f3206,1.5
U1018,7540eff6,1.5
U1018,8586230d,1.1
U1018,1651eaf8,2.4
U1019,cf5632fc,3.8
U1019,a7873a55,1.8
U1019,1c0ff33e,4.6
U1019,6b269064,3.1
U1019,14525bfa,1.2
U1019,2972e819,3.2
U1019,9cedc10f,2.9
U1019,085b8d9b,1.9
U1019,688f3f09,2.7
U1019,4f91f8fe,3.5
U1020,b3c0e7cf,2.3
U1020,f92f4747,4.8
U1020,131d8bd4,1.7
U1020,2e5e557d,3.1
U1020,a4d2bb58,2.1
U1020,8586230d,1.3
U1020,40091361,3.4
U1020,c1fb0ea0,3.1
U1020,3a40c1a9,4.8
U1020,69d6c8fd,4.7
U1021,52c80218,4.0
U1021,0dbb70eb,4.8
U1021,bc0c3c51,4.7
U1021,ca7de23b,3.5
U1021,f92f4747,4.4
U1021,85b108c5,2.4
U1021,d13e2c83,2.7
U1021,8accc497,2.5
U1021,a4ad5385,1.6
U1021,10303f23,4.4
U1022,f20d6021,3.7
U1022,f8018b16,3.9
U1022,5074bf59,3.2
U1022,583623c4,2.9
U1022,c4f007d0,4.8
U1022,34bd90dc,4.5
U1022,c504f755,3.5
U1022,e72197e8,3.0
U1022,1d3b151b,3.3
U1022,3f91d5ed,2.8
U1023,70114143,2.7
U1023,a5e9d090,3.9
U1023,eeedc572,4.6
U1023,d38f016d,2.5
U1023,1da5d7d9,4.0
U1023,6b269064,2.9
U1023,9639afeb,3.9
U1023,6802ebba,4.2
U1023,3c50338b,2.0
U1023,acd78257,2.0
U1024,7c0ec156,1.7
U1024,57bb5c79,1.2
U1024,fce2cfc7,1.0
U1024,fabb045f,2.0
U1024,e99847ae,1.8
U1024,2f8334db,4.6
U1024,f461260f,2.3
U1024,5c7a9ddf,4.0
U1024,b245c1aa,2.9
U1024,c1e44a99,4.9
U1025,11080af5,2.5
U1025,4eb295cd,3.7
U1025,ba56c4ee,2.3
U1025,092cb015,2.0
U1025,b38f357a,1.7
U1025,648cea1b,2.7
U1025,ba2ffc26,2.5
U1025,f0a3d090,3.1
U1025,b0b74b52,3.3
U1025,fbde2c73,1.1
U1026,8091ddcc,4.6
U1026,c3c86018,2.3
U1026,a0cce20f,3.0
U1026,fce463f6,4.4
U1026,95282786,2.5
U1026,1da5d7d9,1.1
U1026,f319505c,3.2
U1026,b3c0e7cf,4.4
U1026,72f81330,1.7
U1026,ca046ffd,3.1
U1027,b9ebb179,4.1
U1027,6761c245,1.9
U1027,41f5595b,4.6
U1027,caba31f4,3.0
U1027,9b3a1b3a,1.1
U1027,9eb60fd3,4.4
U1027,fa035e10,2.8
U1027,8f86d0c7,1.9
U1027,4f91f8fe,4.1
U1027,2db39208,4.5
U1028,75709af0,2.1
U1028,da895004,3.2
U1028,6c33d0ab,1.2
U1028,30bfc186,2.5
U1028,6886c2dc,4.2
U1028,172dfe62,1.4
U1028,2570b385,3.6
U1028,193dda4a,3.7
U1028,e3bf4dcd,4.2
U1028,e99847ae,2.6
U1029,8c51e689,3.9
U1029,e64aa98f,4.3
U1029,2a971420,2.3
U1029,5d278388,4.2
U1029,f319505c,1.7
U1029,ec772cb3,3.5
U1029,e0a39f08,4.7
U1029,d13e2c83,1.1
U1029,aa8a1cde,4.5
U1029,f869c0e6,4.4
U1030,dafe9152,1.5
U1030,9b3a1b3a,3.0
U1030,c44ef1dd,1.4
U1030,65226425,3.6
U1030,5d278388,4.2
U1030,83812064,2.3
U1030,96e255ed,2.4
U1030,30fbb745,1.8
U1030,df97a8b3,4.7
U1030,36ba7614,3.4
U1031,7b2ecc2f,2.6
U1031,6c33d0ab,3.3
U1031,af104b2e,2.1
U1031,f1cb3a5c,1.2
U1031,0ddef331,3.9
U1031,d6c1c16d,3.1
U1031,c504f755,2.1
U1031,3e32c087,3.6
U1031,522006bb,1.9
U1031,ae5c93e9,3.3
U1032,648cea1b,4.2
U1032,4ad63459,1.3
U1032,395c24a7,4.9
U1032,12c6163c,3.9
U1032,b59fd3bb,3.2
U1032,e7c355d0,2.8
U1032,972e8662,4.1
U1032,cd6a4d46,2.0
U1032,097aa76d,1.5
U1032,0584cb41,3.7
U1033,52c80218,3.1
U1033,637e6aa3,4.3
U1033,0420200e,1.2
U1033,0a3b92c2,1.1
U1033,522006bb,4.3
U1033,553ca4e6,2.4
U1033,57e56794,1.4
U1033,59897df4,1.6
U1033,7080da29,3.9
U1033,984f7997,2.1
U1034,ad2436b5,3.6
U1034,8c292b5a,3.1
U1034,dee80741,3.9
U1034,2db39208,2.7
U1034,0cf42113,4.7
U1034,34bd90dc,2.6
U1034,90a09c29,4.2
U1034,06a1b9ca,1.2
U1034,f92f4747,2.0
U1034,c4f007d0,1.6
U1035,b7e4c7aa,4.9
U1035,66df45b6,3.3
U1035,c44ef1dd,2.6
U1035,cf5632fc,1.3
U1035,4cbe74b0,4.9
U1035,4177151b,4.4
U1035,3f91d5ed,2.4
U1035,15a7d2d8,3.0
U1035,0fa98030,3.1
U1035,e3b2ee45,4.4
U1036,a639fae4,4.4
U1036,ab3fdcdb,5.0
U1036,b419fca5,3.7
U1036,759b81f4,4.0
U1036,18cc40fa,1.4
U1036,5ca88dd3,4.2
U1036,8df72623,4.2
U1036,530cbd9c,4.0
U1036,e0f67c5c,4.7
U1036,a7a143ad,2.1
U1037,b9464f09,2.1
U1037,f92f4747,4.2
U1037,0f34cdc1,3.3
U1037,0cf42113,4.8
U1037,e3e499e0,1.0
U1037,fb3f3206,2.9
U1037,96b7d4e5,4.6
U1037,a4d2bb58,3.7
U1037,4548b445,1.4
U1037,a5c88990,4.4
U1038,55ddd85b,3.7
U1038,f9272d67,1.5
U1038,2b072b66,3.4
U1038,d6c1c16d,2.0
U1038,1d3b151b,3.3
U1038,11af39e3,1.6
U1038,06a1b9ca,3.7
U1038,7c68c5db,2.5
U1038,3a40c1a9,2.3
U1038,9f9d8950,2.5
U1039,e894e3be,1.5
U1039,52f2dbd9,2.7
U1039,dd3c0a4b,1.6
U1039,d93da090,3.5
U1039,d4fec973,4.0
U1039,0384be85,1.1
U1039,4556e6f4,4.1
U1039,f319505c,1.2
U1039,5074bf59,2.9
U1039,1d3b151b,1.9
U1040,3931c6f9,2.4
U1040,b7af1118,4.0
U1040,9f9d8950,1.8
U1040,3ccda57b,4.5
U1040,a0ea84e1,4.3
U1040,3401b201,2.3
U1040,0647d20e,2.8
U1040,96e255ed,3.7
U1040,75709af0,4.9
U1040,b419fca5,3.1
U1041,8adc3358,3.3
U1041,553ca4e6,1.2
U1041,27f42714,1.3
U1041,7f2c48a7,2.4
U1041,b117ff47,2.1
U1041,45e44a3b,4.0
U1041,b0f297bc,3.8
U1041,c504f755,3.5
U1041,ba2ffc26,4.5
U1041,ba00f0ba,1.9
U1042,e72197e8,5.0
U1042,3a55e3cc,2.0
U1042,72f81330,3.7
U1042,d9d7260f,1.9
U1042,097aa76d,2.4
U1042,0dbb70eb,3.2
U1042,16e0cbb0,2.7
U1042,022a2d21,3.0
U1042,c70aec7d,2.3
U1042,88d92c1f,3.9
U1043,a72fe99f,4.2
U1043,0d9b0003,3.9
U1043,358d096e,2.2
U1043,f0a3d090,4.8
U1043,55ddd85b,1.2
U1043,8df72623,2.4
U1043,48f256ba,4.3
U1043,11af39e3,4.7
U1043,d13e2c83,4.5
U1043,23568e73,4.2
U1044,f4ec99ac,3.4
U1044,fce2cfc7,2.2
U1044,2595a51e,2.4
U1044,b7af1118,1.7
U1044,d9d7260f,4.4
U1044,bb61e3f0,1.2
U1044,c1fb0ea0,3.3
U1044,dfdc849d,1.3
U1044,12ad87e3,1.8
U1044,b117ff47,4.5
U1045,9f9d8950,4.8
U1045,3ccda57b,3.1
U1045,96e255ed,1.8
U1045,4778b29c,2.1
U1045,88219607,4.5
U1045,9dcf8db2,1.5
U1045,1208875c,5.0
U1045,5e4eb919,3.9
U1045,9bcd4766,3.3
U1045,99973820,3.0
U1046,a0cce20f,2.3
U1046,e473c9e2,4.2
U1046,b8ac00f9,4.3
U1046,036df75a,2.4
U1046,4556e6f4,4.4
U1046,f96cc5cd,3.2
U1046,16e0cbb0,1.2
U1046,adb44e71,4.7
U1046,2570b385,4.0
U1046,e3e499e0,3.1
U1047,34b8a92d,5.0
U1047,56a73551,4.1
U1047,2a204dc0,1.6
U1047,32e2e2ff,2.5
U1047,509d3d92,1.5
U1047,058a7f3c,1.4
U1047,b3ddac77,2.2
U1047,2f989acf,4.1
U1047,70114143,4.3
U1047,6761c245,3.0
U1048,cd6a4d46,2.7
U1048,fce463f6,2.0
U1048,6decfc0c,4.7
U1048,34b8a92d,4.4
U1048,aa72303e,3.5
U1048,9c6f5358,1.5
U1048,95282786,1.5
U1048,2e7c1ae5,2.5
U1048,dfd232cc,4.4
U1048,e0a39f08,2.4
U1049,159d4731,1.7
U1049,5c7a9ddf,2.8
U1049,a4ad5385,2.4
U1049,acd78257,1.2
U1049,b59fd3bb,2.6
U1049,b0b74b52,4.0
U1049,0d125c02,1.7
U1049,969c69ea,1.4
U1049,0fb4ac55,4.5
U1049,1208875c,1.9
U1050,2f989acf,4.8
U1050,2f8334db,1.0
U1050,1651eaf8,4.8
U1050,725c6e8a,4.5
U1050,4eb295cd,1.8
U1050,d3327c3f,2.5
U1050,f80d58e8,1.7
U1050,a0489aac,4.1
U1050,57bb5c79,1.9
U1050,036df75a,3.2
U1051,b59fd3bb,4.5
U1051,9977b253,5.0
U1051,3f3863af,2.7
U1051,d1594e7b,2.3
U1051,6b269064,1.0
U1051,5cc4e2cd,4.0
U1051,595e1925,4.3
U1051,3c50338b,3.9
U1051,f1cb3a5c,3.3
U1051,de7a71c5,2.0
U1052,b9557c71,4.8
U1052,2ebfc193,2.7
U1052,6d90ad69,4.7
U1052,2c38846b,4.2
U1052,56a73551,4.5
U1052,3401b201,4.2
U1052,a799369f,3.6
U1052,f57a2ec0,4.8
U1052,e792d3ce,1.8
U1052,249489bb,4.6
U1053,21c46cc2,3.2
U1053,b0a09f68,4.6
U1053,1b126eb1,2.4
U1053,52f2dbd9,1.2
U1053,b72ca32a,4.9
U1053,72f81330,4.4
U1053,8e6bc9df,4.7
U1053,d750e115,1.9
U1053,b245c1aa,3.2
U1053,5b97156b,3.4
U1054,a7873a55,3.8
U1054,7b2ecc2f,4.4
U1054,9639afeb,1.8
U1054,7c40137c,4.7
U1054,94c0c6f4,3.0
U1054,2ab831a7,3.0
U1054,984f7997,2.2
U1054,14525bfa,2.7
U1054,88219607,1.1
U1054,0a3b92c2,1.6
U1055,b9464f09,4.4
U1055,4cbe74b0,2.9
U1055,c781bf8a,2.1
U1055,92a378bf,3.2
U1055,6d90ad69,5.0
U1055,cafe6c16,4.4
U1055,29425725,3.6
U1055,d93da090,1.9
U1055,56d3cdf3,3.1
U1055,e3b2ee45,3.2
U1056,9488cfb2,3.0
U1056,16b3d376,2.2
U1056,5edffe66,4.9
U1056,96e255ed,5.0
U1056,b0b74b52,1.9
U1056,131d8bd4,2.8
U1056,68bda325,3.5
U1056,c23be934,4.4
U1056,2972e819,3.6
U1056,f454fa6f,4.9
U1057,a4d2bb58,2.1
U1057,9639afeb,4.1
U1057,a4ad5385,4.1
U1057,d9fabb1d,2.9
U1057,8586230d,1.1
U1057,a17e5bca,1.7
U1057,9c6f5358,2.6
U1057,7dd66a9e,3.8
U1057,7b2ecc2f,3.9
U1057,5b0a0ee0,2.3
U1058,759b81f4,3.9
U1058,ec772cb3,3.7
U1058,4dfa6d08,2.6
U1058,96b7d4e5,3.7
U1058,f20d6021,2.9
U1058,5e505e4d,4.0
U1058,e64aa98f,2.4
U1058,8fdac88e,1.7
U1058,1b126eb1,4.9
U1058,e792d3ce,2.0
U1059,a1be68d2,2.3
U1059,9b3a1b3a,2.7
U1059,f0a3d090,4.0
U1059,9e282434,3.5
U1059,9b87df9a,4.4
U1059,e3e499e0,1.0
U1059,6886c2dc,2.9
U1059,3f91d5ed,1.2
U1059,36ba7614,1.7
U1059,d93da090,1.5
U1060,b245c1aa,2.7
U1060,5e480918,1.3
U1060,75709af0,3.8
U1060,086d24e0,2.2
U1060,16c233ca,2.9
U1060,b83af3f6,4.4
U1060,b4eea688,3.9
U1060,085b8d9b,4.2
U1060,5d37dc6e,1.9
U1060,4218f3ee,4.3
U1061,cbbb1c98,4.8
U1061,7ecbee84,1.6
U1061,e90948ea,4.9
U1061,bb61e3f0,2.1
U1061,00ae8ba2,1.3
U1061,dcfdf0e8,4.2
U1061,2f989acf,1.3
U1061,65226425,3.0
U1061,75709af0,3.6
U1061,8fdac88e,3.4
U1062,759b81f4,2.8
U1062,85b108c5,4.8
U1062,f20d6021,4.6
U1062,1b6bb38b,4.7
U1062,3e32c087,4.6
U1062,b8ac00f9,4.2
U1062,1d703f99,4.0
U1062,9488cfb2,3.0
U1062,aa72303e,1.2
U1062,c1865a1e,4.2
U1063,66a0f670,2.6
U1063,b9557c71,2.9
U1063,85ebfef1,3.3
U1063,4cbe74b0,2.8
U1063,c70aec7d,1.4
U1063,59897df4,2.8
U1063,e99847ae,1.5
U1063,f6fdde7c,1.1
U1063,9ab05fe1,1.4
U1063,44a7f6f0,4.6
U1064,2e5e557d,4.2
U1064,baf76fbe,3.6
U1064,f8018b16,1.8
U1064,96da513a,3.6
U1064,5e480918,2.9
U1064,2235d8ee,1.4
U1064,6761c245,4.0
U1064,60decbad,4.2
U1064,44a7f6f0,4.3
U1064,75cde3e3,2.9
U1065,a799369f,2.3
U1065,56a73551,2.9
U1065,5d37dc6e,1.7
U1065,fbde2c73,3.7
U1065,d750e115,2.0
U1065,33208755,1.5
U1065,7c0ec156,1.1
U1065,2f8334db,2.2
U1065,52c4b291,3.4
U1065,c55d3560,3.1
U1066,73b3ba45,4.8
U1066,9ab05fe1,1.5
U1066,eaf99caf,1.4
U1066,52c80218,2.7
U1066,9b376e71,4.5
U1066,f93fb2dc,2.5
U1066,96da513a,3.4
U1066,2ebfc193,2.4
U1066,097aa76d,1.6
U1066,5cc4e2cd,1.0
U1067,32e2e2ff,4.0
U1067,f9272d67,3.6
U1067,28f3bef4,4.8
U1067,2b072b66,4.5
U1067,dd3c0a4b,1.6
U1067,9b376e71,4.7
U1067,f9ba8ee6,3.4
U1067,e0a39f08,4.0
U1067,24107b4c,2.9
U1067,0f34cdc1,1.3
U1068,96e255ed,1.4
U1068,e473c9e2,2.1
U1068,5626eeb3,2.2
U1068,29425725,3.7
U1068,dd3c0a4b,2.2
U1068,df01a208,1.5
U1068,0dbb70eb,4.5
U1068,e6539784,2.9
U1068,0cf42113,1.2
U1068,9977b253,4.3
U1069,c7223d17,3.3
U1069,12c6163c,4.1
U1069,96da513a,3.4
U1069,648cea1b,3.1
U1069,4dfa6d08,4.4
U1069,a4d2bb58,4.5
U1069,da40dc19,4.2
U1069,4f91f8fe,4.7
U1069,fdc7379d,2.6
U1069,7a56fc2c,3.8
U1070,7fde8af3,2.0
U1070,648cea1b,3.7
U1070,7ecbee84,4.4
U1070,a0cce20f,3.3
U1070,f92f4747,5.0
U1070,e99847ae,4.8
U1070,59897df4,1.9
U1070,d0bdd6c6,3.6
U1070,11080af5,4.5
U1070,a474b957,3.4
U1071,fa035e10,3.5
U1071,7de5faec,3.5
U1071,6886c2dc,1.1
U1071,a0ea84e1,4.0
U1071,93fa45f1,3.0
U1071,2a204dc0,4.7
U1071,acd78257,1.5
U1071,e124dce1,2.7
U1071,f1cb3a5c,2.0
U1071,cc1d2045,4.6
U1072,f7e253d4,4.5
U1072,1b6bb38b,5.0
U1072,32e2e2ff,2.8
U1072,0647d20e,4.8
U1072,ab3fdcdb,2.4
U1072,1ecd183f,3.7
U1072,19b783dd,2.2
U1072,d9d7260f,4.2
U1072,688f3f09,3.0
U1072,d3327c3f,1.6
U1073,031fff72,3.0
U1073,da895004,4.7
U1073,57bb5c79,4.6
U1073,d750e115,3.9
U1073,a3af67ee,4.9
U1073,508b774c,1.0
U1073,9c6f5358,4.8
U1073,a2a1d7be,1.9
U1073,3db8c70f,3.7
U1073,225da7e7,3.7
U1074,5e480918,1.9
U1074,085b8d9b,4.8
U1074,031fff72,2.5
U1074,99973820,3.5
U1074,dab1b794,1.4
U1074,dab9f09e,1.6
U1074,30bfc186,4.2
U1074,c55d3560,2.9
U1074,9c6f5358,2.2
U1074,7b2ecc2f,4.2
U1075,8f86d0c7,3.8
U1075,d38f016d,2.6
U1075,83812064,2.1
U1075,dfdc849d,3.8
U1075,5b97156b,1.0
U1075,fb3f3206,2.7
U1075,dab9f09e,3.4
U1075,ca046ffd,1.9
U1075,75709af0,4.6
U1075,6dd7b424,1.0
U1076,cc1d2045,3.3
U1076,16e0cbb0,4.7
U1076,e61f72b2,2.0
U1076,aa8a1cde,3.2
U1076,3f3863af,3.7
U1076,5b97156b,3.2
U1076,16c233ca,2.6
U1076,4afcf076,4.8
U1076,0d125c02,2.9
U1076,9488cfb2,3.0
U1077,cd6a4d46,2.1
U1077,249489bb,2.0
U1077,f80d58e8,3.6
U1077,30fbb745,4.8
U1077,9bcd4766,3.9
U1077,7740df97,1.6
U1077,4cbe74b0,2.2
U1077,fa035e10,4.6
U1077,a5877f7b,1.7
U1077,1d703f99,3.1
U1078,f0a3d090,2.2
U1078,7f2c48a7,4.7
U1078,8f86d0c7,1.4
U1078,ab3fdcdb,4.7
U1078,69d6c8fd,1.8
U1078,1da5d7d9,1.4
U1078,e01027a1,3.1
U1078,8e6bc9df,2.1
U1078,fce2cfc7,1.1
U1078,4cbe74b0,4.3
U1079,cd6a4d46,3.3
U1079,b419fca5,3.1
U1079,94faf927,3.4
U1079,73b3ba45,3.8
U1079,0d125c02,4.8
U1079,8e6bc9df,4.4
U1079,0420200e,1.6
U1079,e3bf4dcd,3.5
U1079,097aa76d,3.2
U1079,0647d20e,4.4
U1080,11ee237a,1.2
U1080,2cdfb1dc,4.2
U1080,9639afeb,4.9
U1080,c3c86018,3.2
U1080,4afcf076,2.1
U1080,7680a630,2.9
U1080,f92f4747,1.1
U1080,f8018b16,1.8
U1080,8f86d0c7,3.4
U1080,96d024f1,1.7
U1081,12ad87e3,1.7
U1081,0f34cdc1,1.8
U1081,b7af1118,4.5
U1081,9dcf8db2,2.1
U1081,131d8bd4,2.2
U1081,ae522cd4,4.5
U1081,ec1fc2d3,3.3
U1081,520c08e5,4.5
U1081,44a7f6f0,2.4
U1081,4f91f8fe,3.5
U1082,f92f4747,2.5
U1082,21c46cc2,2.4
U1082,95899868,3.8
U1082,9e282434,1.5
U1082,a5877f7b,2.0
U1082,688f3f09,2.2
U1082,1b126eb1,4.7
U1082,3931c6f9,4.1
U1082,1b1ab676,4.2
U1082,9f8d5b86,4.8
U1083,cf5632fc,3.6
U1083,c7223d17,3.4
U1083,2595a51e,3.2
U1083,b9557c71,2.0
U1083,2ab831a7,2.8
U1083,72269b78,4.3
U1083,845c2189,1.8
U1083,b7af1118,3.1
U1083,c3c86018,3.7
U1083,097aa76d,4.9
U1084,174b16b5,2.4
U1084,4a037985,1.1
U1084,f4ec99ac,2.8
U1084,b72ca32a,2.6
U1084,9f03ff8b,4.5
U1084,a799369f,4.5
U1084,349a219a,1.1
U1084,2e7c1ae5,4.9
U1084,7f393c30,2.7
U1084,0d125c02,1.3
U1085,cd6a4d46,3.4
U1085,172dfe62,4.5
U1085,2e7c1ae5,3.3
U1085,b7e4c7aa,2.9
U1085,dab1b794,2.8
U1085,2595a51e,1.6
U1085,96b7d4e5,3.3
U1085,c3c86018,1.2
U1085,4cbe74b0,1.2
U1085,0fb4ac55,2.0
U1086,2cdfb1dc,1.2
U1086,16c0c195,1.3
U1086,bcb3d140,4.8
U1086,b245c1aa,2.9
U1086,c3c86018,3.5
U1086,e473c9e2,3.9
U1086,147bac54,1.9
U1086,f80d58e8,4.8
U1086,436a0faa,3.0
U1086,85b108c5,3.2
U1087,ca7de23b,1.9
U1087,b245c1aa,3.8
U1087,2db39208,2.1
U1087,38ca5b6b,2.3
U1087,bb61e3f0,3.4
U1087,4548b445,3.2
U1087,688f3f09,2.4
U1087,12ad87e3,2.8
U1087,5629145c,2.8
U1087,2ebfc193,2.2
U1088,baf76fbe,2.5
U1088,cbbb1c98,4.1
U1088,637e6aa3,4.2
U1088,65226425,3.6
U1088,358d096e,1.5
U1088,8586230d,1.4
U1088,eeedc572,3.9
U1088,cafe6c16,1.8
U1088,f4ec99ac,4.8
U1088,4afcf076,2.1
U1089,159d4731,4.2
U1089,9b87df9a,3.3
U1089,afd76e76,4.8
U1089,88d92c1f,2.9
U1089,8accc497,4.0
U1089,15197a40,3.8
U1089,e0f67c5c,3.2
U1089,d4fec973,4.5
U1089,1d703f99,4.7
U1089,d38f016d,2.1
U1090,1d703f99,1.1
U1090,dfd232cc,3.7
U1090,4556e6f4,1.2
U1090,a72fe99f,3.3
U1090,3db8c70f,1.8
U1090,058a7f3c,2.1
U1090,2ab831a7,2.6
U1090,6ec7d345,1.4
U1090,520c08e5,1.6
U1090,725c6e8a,2.8
U1091,d6fc0d64,2.3
U1091,f461260f,2.5
U1091,fa035e10,3.0
U1091,30fbb745,1.0
U1091,7b2ecc2f,5.0
U1091,122d08d2,2.0
U1091,2811bc43,2.9
U1091,1ecd183f,2.3
U1091,4778b29c,4.0
U1091,c3c86018,3.1
U1092,52c80218,3.5
U1092,b0a09f68,4.2
U1092,9488cfb2,1.3
U1092,172dfe62,4.3
U1092,0a168adb,2.8
U1092,637e6aa3,1.4
U1092,8b6db425,2.2
U1092,10fdb333,1.7
U1092,68bda325,4.7
U1092,174b16b5,2.3
U1093,036df75a,1.0
U1093,517fa833,3.6
U1093,a4d2bb58,2.8
U1093,b3ddac77,2.6
U1093,4cbe74b0,1.0
U1093,52f2dbd9,1.4
U1093,ba56c4ee,1.3
U1093,d9fabb1d,2.1
U1093,4177151b,3.9
U1093,2db39208,4.5
U1094,ca7de23b,1.4
U1094,9b3a1b3a,4.4
U1094,e64aa98f,2.1
U1094,cd3ecf94,4.2
U1094,12c6163c,3.9
U1094,83812064,1.8
U1094,3c50338b,1.8
U1094,f0c9cbff,1.5
U1094,fa035e10,3.9
U1094,30fbb745,1.7
U1095,509d3d92,1.7
U1095,9b87df9a,3.3
U1095,6802ebba,4.8
U1095,5cc4e2cd,3.6
U1095,819fcf93,3.9
U1095,522006bb,2.8
U1095,2972e819,4.2
U1095,f9ba8ee6,1.9
U1095,6d90ad69,1.4
U1095,e01027a1,2.3
U1096,c3c86018,1.2
U1096,24107b4c,4.4
U1096,dfd232cc,3.6
U1096,96d024f1,1.8
U1096,bd38cba4,2.2
U1096,225da7e7,3.9
U1096,dd3c0a4b,4.0
U1096,e61f72b2,1.1
U1096,e7893e0f,3.8
U1096,b3ddac77,3.7
U1097,0f34cdc1,4.5
U1097,9e282434,1.0
U1097,8e974911,3.3
U1097,b83af3f6,4.3
U1097,7add4be3,1.8
U1097,12c6163c,4.9
U1097,bcb3d140,4.3
U1097,499d0c58,2.7
U1097,b37ee992,1.0
U1097,7680a630,4.7
U1098,cc1d2045,3.1
U1098,2db39208,2.1
U1098,1fea05d4,2.4
U1098,a799369f,1.1
U1098,c4f2c597,3.8
U1098,159d4731,2.1
U1098,7f393c30,1.6
U1098,097aa76d,1.6
U1098,fdc7379d,4.1
U1098,2811bc43,2.8
U1099,3ce53812,2.5
U1099,3f3863af,3.3
U1099,9597c55d,1.2
U1099,5626eeb3,2.8
U1099,a2fa8c8f,1.4
U1099,11ee237a,2.1
U1099,541e0458,1.2
U1099,fa035e10,4.1
U1099,f0c9cbff,4.5
U1099,fce463f6,4.1
U1100,358d096e,1.3
U1100,60decbad,4.6
U1100,b72ca32a,4.9
U1100,5e4eb919,1.4
U1100,1d3b151b,2.3
U1100,96d024f1,1.9
U1100,19b783dd,3.8
U1100,52c4b291,3.0
U1100,7680a630,2.4
U1100,f319505c,4.0
U1101,8c90681b,2.4
U1101,70114143,2.3
U1101,6d90ad69,3.3
U1101,7de5faec,2.5
U1101,45e44a3b,1.3
U1101,12ad87e3,3.3
U1101,1d3b151b,1.1
U1101,cf5632fc,2.2
U1101,e01027a1,3.2
U1101,c95e0330,1.6
U1102,48f256ba,2.3
U1102,595dce42,2.2
U1102,3931c6f9,1.0
U1102,2db39208,4.7
U1102,4dfa6d08,3.9
U1102,193dda4a,1.5
U1102,9597c55d,3.6
U1102,a0489aac,4.5
U1102,349a219a,2.0
U1102,b117ff47,4.7
U1103,d38f016d,4.7
U1103,172dfe62,2.0
U1103,8f86d0c7,1.5
U1103,cf8aea62,4.8
U1103,4a037985,4.7
U1103,aef37431,1.2
U1103,d9d7260f,2.7
U1103,6b269064,1.2
U1103,a5c88990,3.6
U1103,19b783dd,2.0
U1104,b0f297bc,4.7
U1104,a72fe99f,1.4
U1104,d9d7260f,4.1
U1104,2811bc43,2.3
U1104,928b1a37,4.2
U1104,2db39208,2.4
U1104,3a5f5532,1.9
U1104,06ad1766,3.7
U1104,b117ff47,3.9
U1104,7fde8af3,3.1
U1105,9977b253,1.1
U1105,972e8662,3.6
U1105,fb76df07,1.7
U1105,b83af3f6,2.6
U1105,34bd90dc,1.7
U1105,aef37431,3.8
U1105,395c24a7,3.8
U1105,c1e44a99,2.3
U1105,0f34cdc1,1.0
U1105,3db8c70f,1.3
U1106,8c292b5a,1.3
U1106,a0489aac,2.1
U1106,b9464f09,1.9
U1106,b0a09f68,2.5
U1106,2811bc43,2.4
U1106,225da7e7,1.9
U1106,c1fb0ea0,4.0
U1106,552f4c29,4.3
U1106,23e0e85c,1.7
U1106,e90948ea,1.3
U1107,c23be934,1.6
U1107,30fbb745,1.2
U1107,cf8aea62,2.7
U1107,5629145c,5.0
U1107,eeedc572,1.1
U1107,93fa45f1,2.2
U1107,1b095de1,4.3
U1107,2a204dc0,2.0
U1107,f7e253d4,1.7
U1107,6b269064,2.8
U1108,d93953e9,2.8
U1108,2f4f7819,3.3
U1108,16c0c195,3.5
U1108,024fcfe6,2.3
U1108,225da7e7,3.0
U1108,95899868,3.9
U1108,6c33d0ab,3.3
U1108,aef37431,4.1
U1108,fb3f3206,4.0
U1108,57e56794,4.8
U1109,96e255ed,4.4
U1109,e90948ea,2.8
U1109,4177151b,2.1
U1109,b54bbb85,4.5
U1109,5074bf59,2.7
U1109,7540eff6,1.6
U1109,b9557c71,4.9
U1109,1fea05d4,3.9
U1109,0a168adb,3.4
U1109,ae522cd4,2.0
U1110,9eb60fd3,4.5
U1110,b3c0e7cf,1.8
U1110,122d08d2,3.7
U1110,4218f3ee,3.2
U1110,552f4c29,2.6
U1110,a474b957,2.2
U1110,de7a71c5,2.3
U1110,d6fc0d64,1.7
U1110,d1594e7b,3.8
U1110,ae3acfd1,2.8
U1111,b9464f09,2.6
U1111,b3ddac77,2.4
U1111,a639fae4,4.9
U1111,a5877f7b,3.7
U1111,759b81f4,4.7
U1111,0dbb70eb,1.0
U1111,60decbad,2.2
U1111,c4f007d0,4.4
U1111,cf8aea62,2.6
U1111,83812064,4.7
U1112,ab3fdcdb,3.8
U1112,595e1925,3.3
U1112,01095052,4.2
U1112,9b87df9a,1.3
U1112,5edffe66,1.3
U1112,7add4be3,2.5
U1112,5b97156b,4.5
U1112,220374f7,2.3
U1112,c1fb0ea0,2.4
U1112,9488cfb2,2.9
U1113,1051bfee,3.9
U1113,fabb045f,2.3
U1113,8f86d0c7,1.8
U1113,3e32c087,1.9
U1113,aa8a1cde,1.9
U1113,b38f357a,3.4
U1113,fb76df07,4.4
U1113,3a5f5532,2.1
U1113,d6fc0d64,4.9
U1113,436a0faa,1.4
U1114,5183649c,1.5
U1114,dab1b794,1.2
U1114,bcb3d140,1.4
U1114,1d703f99,1.3
U1114,1c48b51c,4.4
U1114,ca7de23b,3.3
U1114,036df75a,3.7
U1114,d338450b,3.9
U1114,d93953e9,2.2
U1114,55ddd85b,3.7
U1115,2b072b66,4.2
U1115,6a1658a1,2.6
U1115,3e32c087,1.0
U1115,f3667de1,4.5
U1115,0fa98030,4.5
U1115,7de4c4b6,3.3
U1115,1051bfee,4.6
U1115,f7e253d4,3.4
U1115,2c38846b,4.5
U1115,95899868,1.7
U1116,7c0ec156,1.0
U1116,d6fc0d64,3.0
U1116,24107b4c,3.0
U1116,ca046ffd,4.5
U1116,57e56794,3.5
U1116,ba00f0ba,4.8
U1116,8f86d0c7,4.2
U1116,969c69ea,2.3
U1116,94faf927,1.2
U1116,b83af3f6,3.2
U1117,dafe9152,2.4
U1117,b38f357a,2.4
U1117,f93fb2dc,4.9
U1117,830d1616,3.0
U1117,a5877f7b,1.8
U1117,90b8cb13,3.8
U1117,086d24e0,4.6
U1117,3a40c1a9,4.4
U1117,98667158,2.0
U1117,595dce42,1.2
U1118,ca046ffd,3.7
U1118,6a1658a1,3.2
U1118,dee80741,4.0
U1118,9b3a1b3a,4.0
U1118,cd6a4d46,3.8
U1118,d750e115,3.0
U1118,17c34e20,2.4
U1118,085b8d9b,3.2
U1118,cf4fff8e,1.4
U1118,e3bf4dcd,2.9
U1119,95899868,3.6
U1119,d13e2c83,2.6
U1119,d750e115,1.5
U1119,fabb045f,1.3
U1119,8c16bfb3,2.4
U1119,249489bb,2.8
U1119,1c48b51c,2.6
U1119,afd76e76,4.9
U1119,32e2e2ff,2.8
U1119,11af39e3,3.3
U1120,68bda325,1.3
U1120,ab3fdcdb,4.7
U1120,bd38cba4,3.6
U1120,2a204dc0,1.8
U1120,e72197e8,2.6
U1120,45e44a3b,2.1
U1120,40091361,1.6
U1120,96e255ed,3.3
U1120,c781bf8a,4.5
U1120,d4fec973,4.8
U1121,9cedc10f,3.0
U1121,fb3f3206,4.7
U1121,4dfa6d08,2.2
U1121,c4f2c597,1.3
U1121,2cdfb1dc,3.0
U1121,8c292b5a,3.9
U1121,5183649c,1.2
U1121,583623c4,3.6
U1121,12ad87e3,1.9
U1121,3f3863af,2.8
U1122,a639fae4,1.8
U1122,147bac54,2.0
U1122,e3e499e0,3.9
U1122,031fff72,2.3
U1122,533d4b01,4.3
U1122,57e56794,1.6
U1122,cbbb1c98,3.5
U1122,40091361,4.7
U1122,f92f4747,1.8
U1122,ba6b9edd,4.0
U1123,1b6bb38b,3.6
U1123,dfdc849d,4.0
U1123,ba6b9edd,2.0
U1123,fabb045f,2.9
U1123,e7c355d0,2.5
U1123,c7223d17,3.5
U1123,66df45b6,3.5
U1123,984f7997,1.1
U1123,583623c4,3.0
U1123,a4ad5385,1.1
U1124,8f86d0c7,2.5
U1124,e0f67c5c,2.9
U1124,7006280a,1.4
U1124,f7e253d4,2.8
U1124,df01a208,4.0
U1124,1e3fd857,2.8
U1124,e01027a1,3.6
U1124,6d90ad69,2.3
U1124,6d14c01f,3.6
U1124,e0a39f08,2.1
U1125,9eb60fd3,3.1
U1125,c7223d17,4.5
U1125,9b3a1b3a,1.8
U1125,0cf42113,4.5
U1125,f93fb2dc,1.3
U1125,538a4a2d,2.5
U1125,7ecbee84,1.5
U1125,e6539784,2.4
U1125,c4f2c597,2.9
U1125,122d08d2,1.2
U1126,085b8d9b,1.4
U1126,57bb5c79,4.9
U1126,d93953e9,1.3
U1126,01849eee,4.1
U1126,f3667de1,2.2
U1126,a0cce20f,2.0
U1126,59897df4,2.6
U1126,a17e5bca,3.7
U1126,33208755,2.4
U1126,c2f45c82,3.6
U1127,cd278864,2.6
U1127,e7893e0f,3.1
U1127,5d7c1b6e,3.6
U1127,e79f8a52,1.9
U1127,d9d7260f,3.8
U1127,dcfdf0e8,3.7
U1127,213eb44d,4.4
U1127,b9ebb179,1.3
U1127,5629145c,2.2
U1127,c504f755,4.2
U1128,cc1d2045,2.1
U1128,5d278388,1.4
U1128,0d125c02,5.0
U1128,95899868,2.4
U1128,df01a208,2.3
U1128,81ed414d,4.0
U1128,a0ea84e1,1.9
U1128,1fea05d4,4.7
U1128,d6fc0d64,2.3
U1128,5b97156b,3.7
U1129,11ee237a,2.5
U1129,e3b2ee45,2.2
U1129,6dd7b424,3.2
U1129,48f256ba,1.1
U1129,85b108c5,1.6
U1129,9c6f5358,3.3
U1129,9977b253,2.9
U1129,8c16bfb3,3.4
U1129,e473c9e2,1.3
U1129,ba6b9edd,3.6
U1130,5ca88dd3,3.3
U1130,3ccda57b,2.3
U1130,afd76e76,1.3
U1130,830d1616,3.9
U1130,8c292b5a,1.2
U1130,0cf42113,2.4
U1130,a0489aac,4.1
U1130,c781bf8a,3.2
U1130,358d096e,3.7
U1130,1651eaf8,4.1
U1131,5626eeb3,4.9
U1131,a0ea84e1,4.3
U1131,b211d76a,2.5
U1131,88219607,2.2
U1131,e01027a1,2.4
U1131,f96cc5cd,3.6
U1131,e99847ae,3.3
U1131,b59fd3bb,4.8
U1131,4a037985,4.0
U1131,00ae8ba2,2.4
U1132,ad2436b5,3.3
U1132,f96cc5cd,1.2
U1132,552f4c29,3.7
U1132,c23be934,3.3
U1132,11080af5,2.1
U1132,1b1ab676,2.4
U1132,6dd7b424,2.5
U1132,cbbb1c98,1.3
U1132,f319505c,2.4
U1132,19c75cf4,2.3
U1133,ae5c93e9,1.1
U1133,21c46cc2,3.2
U1133,ae522cd4,4.8
U1133,a7a143ad,4.6
U1133,de7a71c5,3.0
U1133,fc792cde,2.2
U1133,fce2cfc7,4.6
U1133,f319505c,1.1
U1133,b0b74b52,2.8
U1133,0d9b0003,3.4
U1134,a0cce20f,1.6
U1134,7b2ecc2f,3.0
U1134,8091ddcc,2.3
U1134,f0c9cbff,1.4
U1134,88219607,4.3
U1134,f9ba8ee6,4.6
U1134,b8ac00f9,4.0
U1134,1b126eb1,1.3
U1134,538a4a2d,2.6
U1134,9c6f5358,4.0
U1135,928b1a37,2.0
U1135,75709af0,3.3
U1135,1e3fd857,3.5
U1135,ae522cd4,1.8
U1135,819fcf93,3.2
U1135,b419fca5,1.7
U1135,8e6bc9df,3.0
U1135,f454fa6f,4.1
U1135,e0f67c5c,3.5
U1135,969c69ea,4.2
U1136,3c4be0a8,4.3
U1136,b0a09f68,4.2
U1136,2ebfc193,4.1
U1136,2a204dc0,4.8
U1136,3c50338b,2.0
U1136,d0bdd6c6,4.8
U1136,2a971420,3.5
U1136,b9557c71,4.6
U1136,10fdb333,3.6
U1136,a0489aac,3.4
U1137,10fdb333,3.5
U1137,653ba8cd,4.2
U1137,d13e2c83,4.9
U1137,f869c0e6,2.4
U1137,0a3b92c2,3.4
U1137,4c102434,1.5
U1137,7de5faec,4.0
U1137,bd38cba4,4.7
U1137,249489bb,1.5
U1137,9cedc10f,3.0
U1138,1208875c,3.0
U1138,e64aa98f,4.3
U1138,9b87df9a,3.1
U1138,acd78257,4.6
U1138,8f86d0c7,5.0
U1138,3a40c1a9,4.9
U1138,1da5d7d9,4.8
U1138,b72ca32a,3.6
U1138,5edffe66,4.3
U1138,517fa833,2.0
U1139,10303f23,1.5
U1139,147bac54,4.2
U1139,b7e4c7aa,2.3
U1139,e124dce1,3.5
U1139,7f393c30,1.1
U1139,f0c9cbff,4.6
U1139,f80d58e8,3.0
U1139,30fbb745,2.0
U1139,fdc7379d,4.7
U1139,dab1b794,3.9
U1140,3ccda57b,4.4
U1140,969c69ea,2.9
U1140,508b774c,4.2
U1140,98667158,3.9
U1140,f6fdde7c,4.8
U1140,1e3fd857,1.5
U1140,a474b957,1.2
U1140,1208875c,3.4
U1140,637e6aa3,4.1
U1140,12ad87e3,4.4
U1141,55ddd85b,4.7
U1141,8df72623,3.4
U1141,8586230d,3.7
U1141,f7e253d4,4.7
U1141,ca046ffd,1.1
U1141,88d92c1f,1.8
U1141,3401b201,2.7
U1141,59897df4,1.4
U1141,28f3bef4,1.5
U1141,ad2436b5,5.0
U1142,e3b2ee45,2.6
U1142,48f256ba,3.6
U1142,f4ec99ac,2.9
U1142,0cf42113,3.0
U1142,2e5e557d,2.4
U1142,a0ea84e1,3.2
U1142,d0bdd6c6,2.0
U1142,bcb3d140,4.2
U1142,6dd7b424,1.5
U1142,4f91f8fe,3.0
U1143,4c5ec9d6,4.7
U1143,9ab05fe1,3.3
U1143,2570b385,3.0
U1143,8accc497,5.0
U1143,3c4be0a8,3.1
U1143,9b3a1b3a,3.0
U1143,b0b74b52,2.5
U1143,159d4731,4.3
U1143,7c0ec156,1.2
U1143,ca046ffd,2.7
U1144,9cedc10f,4.5
U1144,467f74ee,3.5
U1144,b6b3e021,4.8
U1144,95899868,2.4
U1144,cbbb1c98,4.5
U1144,6a1658a1,2.9
U1144,a4d2bb58,3.3
U1144,ec1fc2d3,3.5
U1144,01095052,3.5
U1144,9dcf8db2,1.3
U1145,d13e2c83,3.7
U1145,c3c86018,2.6
U1145,e3b2ee45,4.4
U1145,e72197e8,4.2
U1145,83812064,4.1
U1145,cf4fff8e,2.8
U1145,e64aa98f,4.5
U1145,436a0faa,1.7
U1145,759b81f4,5.0
U1145,2c38846b,1.4
U1146,a639fae4,2.0
U1146,819fcf93,1.1
U1146,8c51e689,3.8
U1146,1d703f99,1.3
U1146,4eb295cd,2.9
U1146,30fbb745,4.2
U1146,b8ac00f9,4.6
U1146,e64aa98f,4.3
U1146,6140c68b,1.2
U1146,085b8d9b,1.7
U1147,4eb295cd,3.2
U1147,9b3a1b3a,4.6
U1147,72f81330,1.9
U1147,e0f67c5c,1.4
U1147,172dfe62,5.0
U1147,393d1403,1.8
U1147,aa72303e,4.6
U1147,508b774c,1.6
U1147,0647d20e,4.9
U1147,16b3d376,3.8
U1148,a3af67ee,3.1
U1148,a4ad5385,1.2
U1148,52c80218,3.2
U1148,5e64bb8f,4.0
U1148,e90948ea,1.1
U1148,830d1616,2.4
U1148,583623c4,3.9
U1148,7ecbee84,4.4
U1148,aa8a1cde,2.4
U1148,c7223d17,2.5
U1149,14525bfa,4.7
U1149,d13e2c83,1.1
U1149,8c292b5a,3.7
U1149,e7c355d0,3.0
U1149,fbde2c73,1.5
U1149,e01027a1,2.7
U1149,cafe6c16,4.4
U1149,097aa76d,2.5
U1149,e90948ea,4.6
U1149,8c90681b,4.7
U1150,3401b201,4.8
U1150,2ab831a7,4.9
U1150,819fcf93,3.8
U1150,fb3f3206,4.2
U1150,15197a40,5.0
U1150,a7a143ad,2.0
U1150,f7e253d4,2.6
U1150,cf8aea62,3.9
U1150,3cc0e5e6,1.8
U1150,b37ee992,3.8
U1151,777d8854,1.4
U1151,dab9f09e,2.8
U1151,7053a1dd,3.4
U1151,9e282434,4.5
U1151,d38f016d,4.6
U1151,bd38cba4,4.4
U1151,eaf99caf,1.5
U1151,6886c2dc,4.4
U1151,16e0cbb0,3.9
U1151,2cdfb1dc,1.8
U1152,7b2ecc2f,4.0
U1152,03b7e32d,3.8
U1152,5074bf59,3.2
U1152,4cbe74b0,4.9
U1152,541e0458,4.4
U1152,cf5632fc,4.4
U1152,06ad1766,4.1
U1152,759b81f4,4.6
U1152,6a1658a1,2.6
U1152,fce2cfc7,3.0
U1153,baf76fbe,3.6
U1153,99973820,1.9
U1153,03b7e32d,3.4
U1153,d9fabb1d,3.2
U1153,15a7d2d8,1.8
U1153,e3b2ee45,4.1
U1153,6d14c01f,2.9
U1153,2570b385,4.8
U1153,90a09c29,1.2
U1153,95282786,1.1
U1154,15fd117d,1.8
U1154,5d278388,4.1
U1154,4afcf076,1.7
U1154,d4fec973,3.3
U1154,122d08d2,2.2
U1154,52f2dbd9,2.7
U1154,ba6b9edd,3.6
U1154,dcfdf0e8,4.1
U1154,4cbe74b0,3.4
U1154,928b1a37,2.5
U1155,eae09ea0,3.5
U1155,0384be85,1.4
U1155,4548b445,2.7
U1155,96d024f1,3.9
U1155,f45a9d43,1.2
U1155,9b3a1b3a,1.0
U1155,ba56c4ee,1.3
U1155,1651eaf8,4.0
U1155,9488cfb2,1.9
U1155,e64aa98f,3.9
U1156,5b97156b,3.0
U1156,a17e5bca,5.0
U1156,1b6bb38b,3.3
U1156,b6b3e021,4.4
U1156,1d703f99,4.8
U1156,85ebfef1,2.3
U1156,845c2189,2.8
U1156,0f34cdc1,2.7
U1156,8adc3358,3.5
U1156,66df45b6,3.3
U1157,ae3acfd1,2.7
U1157,1fd91674,1.5
U1157,9b3a1b3a,1.7
U1157,c504f755,2.2
U1157,d1594e7b,2.2
U1157,3f3863af,3.4
U1157,01095052,3.2
U1157,83812064,1.0
U1157,508b774c,4.5
U1157,4dfa6d08,1.9
U1158,8e974911,3.6
U1158,9dcf8db2,2.2
U1158,7f393c30,4.3
U1158,f3667de1,4.5
U1158,7de5faec,1.0
U1158,98667158,4.5
U1158,122d08d2,2.2
U1158,3ccda57b,1.5
U1158,7add4be3,3.6
U1158,16c233ca,3.2
U1159,72269b78,3.4
U1159,e79f8a52,2.1
U1159,5629145c,3.5
U1159,af1a90ec,3.3
U1159,759b81f4,2.0
U1159,2570b385,5.0
U1159,cafe6c16,3.3
U1159,48a586ef,2.7
U1159,5e505e4d,2.6
U1159,5c7a9ddf,3.8
U1160,dcfdf0e8,3.9
U1160,dfdc849d,3.0
U1160,c1e44a99,4.3
U1160,d93953e9,3.4
U1160,9b376e71,2.8
U1160,5183649c,1.1
U1160,552f4c29,1.4
U1160,7c0ec156,4.0
U1160,f96cc5cd,3.8
U1160,bc0c3c51,2.6
U1161,f869c0e6,1.2
U1161,81ed414d,2.7
U1161,2f8334db,4.6
U1161,fb3f3206,3.4
U1161,59897df4,3.4
U1161,a17e5bca,1.1
U1161,eaf99caf,2.4
U1161,8adc3358,4.2
U1161,4218f3ee,4.6
U1161,e64aa98f,3.7
U1162,517fa833,2.5
U1162,bb61e3f0,2.6
U1162,583623c4,4.8
U1162,aef37431,3.0
U1162,6537dc3c,4.5
U1162,28f3bef4,4.1
U1162,f9ba8ee6,4.0
U1162,2b072b66,3.9
U1162,595e1925,3.6
U1162,a639fae4,3.4
U1163,f9272d67,2.5
U1163,fc792cde,3.9
U1163,a799369f,3.4
U1163,b83af3f6,1.6
U1163,0384be85,4.6
U1163,522006bb,4.2
U1163,9488cfb2,2.9
U1163,01849eee,3.9
U1163,52c4b291,3.2
U1163,8091ddcc,3.1
U1164,541e0458,3.0
U1164,4eb295cd,3.4
U1164,da40dc19,3.2
U1164,0647d20e,2.9
U1164,2e5e557d,3.8
U1164,5d278388,1.3
U1164,9977b253,1.3
U1164,88219607,2.8
U1164,3bee5432,2.2
U1164,4218f3ee,4.5
U1165,acd78257,2.7
U1165,f8018b16,2.8
U1165,baf76fbe,3.8
U1165,e64aa98f,2.5
U1165,c3c86018,4.2
U1165,48f256ba,1.3
U1165,8adc3358,2.9
U1165,fabb045f,1.5
U1165,27f42714,1.6
U1165,8c90681b,4.6
U1166,eeedc572,1.0
U1166,30bfc186,4.8
U1166,845c2189,2.0
U1166,f92f4747,4.2
U1166,7f393c30,3.7
U1166,66a0f670,2.9
U1166,819fcf93,1.5
U1166,1b6bb38b,4.1
U1166,b9557c71,4.0
U1166,2db39208,4.8
U1167,66a0f670,2.8
U1167,b37ee992,2.3
U1167,c8e94e65,4.6
U1167,3a40c1a9,4.8
U1167,d3327c3f,1.2
U1167,3e32c087,3.8
U1167,2595a51e,2.0
U1167,ae522cd4,4.7
U1167,9f9d8950,1.6
U1167,520c08e5,3.1
U1168,00ddc95f,1.5
U1168,c1079312,1.5
U1168,436a0faa,3.1
U1168,6d90ad69,1.8
U1168,12ad87e3,1.0
U1168,819fcf93,4.1
U1168,2e7c1ae5,3.2
U1168,69d6c8fd,3.9
U1168,7ed6c088,4.1
U1168,515057e9,4.5
U1169,fce2cfc7,2.8
U1169,acd78257,2.9
U1169,36d91e0a,2.0
U1169,0d9b0003,4.9
U1169,14525bfa,3.8
U1169,637e6aa3,2.9
U1169,4c102434,2.6
U1169,95899868,4.5
U1169,a3af67ee,3.6
U1169,bc0c3c51,3.5
U1170,34b8a92d,1.9
U1170,2b072b66,3.3
U1170,c95e0330,3.0
U1170,9597c55d,1.3
U1170,e6539784,4.4
U1170,eeedc572,4.2
U1170,8e6bc9df,1.3
U1170,0a168adb,1.4
U1170,8c51e689,2.2
U1170,7540eff6,1.6
U1171,7de4c4b6,2.2
U1171,f96cc5cd,1.4
U1171,68bda325,4.9
U1171,eae09ea0,2.9
U1171,a4d2bb58,3.6
U1171,553ca4e6,1.1
U1171,ae5c93e9,3.4
U1171,73b3ba45,3.9
U1171,c1fb0ea0,1.7
U1171,5ca88dd3,2.1
U1172,e0a39f08,4.9
U1172,1b6bb38b,3.4
U1172,19b783dd,4.3
U1172,7f2c48a7,2.1
U1172,7ecbee84,4.4
U1172,2f4f7819,4.8
U1172,2e5e557d,4.5
U1172,3e32c087,3.1
U1172,11ee237a,2.6
U1172,e0f67c5c,2.2
U1173,520c08e5,3.9
U1173,7ed6c088,2.5
U1173,24107b4c,4.9
U1173,7337301f,1.7
U1173,52c80218,3.0
U1173,ba00f0ba,1.5
U1173,508b774c,2.1
U1173,d93da090,4.0
U1173,e90948ea,3.9
U1173,d750e115,1.3
U1174,b72ca32a,3.3
U1174,a0489aac,3.3
U1174,c55d3560,3.6
U1174,e61f72b2,1.6
U1174,15a7d2d8,4.9
U1174,220374f7,4.8
U1174,8accc497,3.2
U1174,022a2d21,2.3
U1174,f319505c,4.6
U1174,88219607,1.0
U1175,03b7e32d,4.2
U1175,30fbb745,2.9
U1175,928b1a37,2.0
U1175,48f256ba,1.6
U1175,a3af67ee,4.3
U1175,f6fdde7c,2.5
U1175,fbde2c73,3.9
U1175,baf76fbe,1.8
U1175,4eb295cd,2.3
U1175,af104b2e,3.2
U1176,ba00f0ba,4.9
U1176,b9ebb179,1.9
U1176,f9ba8ee6,4.8
U1176,10303f23,1.7
U1176,2e5e557d,1.3
U1176,c781bf8a,4.3
U1176,e7c355d0,1.2
U1176,f9272d67,2.9
U1176,0d125c02,2.0
U1176,de7a71c5,1.3
U1177,d93953e9,2.0
U1177,7ecbee84,2.2
U1177,9977b253,1.2
U1177,16c0c195,1.8
U1177,a1be68d2,1.1
U1177,eae09ea0,3.9
U1177,a2fa8c8f,3.4
U1177,3c1f10a5,4.8
U1177,637e6aa3,2.2
U1177,d3327c3f,3.6
U1178,9b87df9a,2.0
U1178,b9464f09,4.4
U1178,8b6db425,3.2
U1178,dab1b794,1.5
U1178,ae5c93e9,3.8
U1178,dcfdf0e8,1.1
U1178,f8e4fb34,2.0
U1178,c1865a1e,2.3
U1178,4218f3ee,3.3
U1178,30fbb745,1.7
U1179,4a037985,4.3
U1179,e0a39f08,2.7
U1179,eaf99caf,4.4
U1179,5b97156b,3.3
U1179,0cf42113,3.7
U1179,dafe9152,4.8
U1179,7680a630,4.3
U1179,19c75cf4,1.5
U1179,bc0c3c51,3.8
U1179,358d096e,2.3
U1180,653ba8cd,4.8
U1180,cafe6c16,2.0
U1180,19c75cf4,4.4
U1180,5edffe66,1.8
U1180,1d3b151b,1.4
U1180,7c40137c,3.5
U1180,1da5d7d9,1.5
U1180,b9464f09,4.4
U1180,52f2dbd9,4.4
U1180,ba00f0ba,1.2
U1181,59897df4,1.3
U1181,a3af67ee,3.7
U1181,16e0cbb0,4.5
U1181,d38f016d,2.5
U1181,2ebfc193,4.0
U1181,f9ba8ee6,3.9
U1181,a5877f7b,2.3
U1181,3f91d5ed,4.8
U1181,fce2cfc7,2.2
U1181,522006bb,3.7
U1182,5629145c,1.7
U1182,44e61206,2.3
U1182,845c2189,1.1
U1182,1051bfee,4.1
U1182,e01027a1,4.4
U1182,3c4be0a8,3.2
U1182,d93da090,1.0
U1182,c70aec7d,1.4
U1182,8df72623,2.7
U1182,d338450b,4.9
U1183,a4d2bf3c,4.6
U1183,eaf99caf,1.2
U1183,f9ba8ee6,3.8
U1183,a0cce20f,3.6
U1183,af104b2e,5.0
U1183,a2fa8c8f,2.7
U1183,c55d3560,1.4
U1183,3c50338b,4.1
U1183,88d92c1f,4.6
U1183,65226425,3.3
U1184,3f3863af,3.5
U1184,1051bfee,1.5
U1184,dfdc849d,4.3
U1184,c55d3560,2.6
U1184,c44ef1dd,3.7
U1184,2f8334db,3.4
U1184,a639fae4,2.9
U1184,b0f297bc,3.5
U1184,e7893e0f,1.3
U1184,e894e3be,3.6
U1185,a639fae4,3.9
U1185,7b2ecc2f,2.6
U1185,393d1403,4.8
U1185,e79f8a52,2.5
U1185,ae522cd4,2.8
U1185,a5e9d090,4.1
U1185,c23be934,3.4
U1185,1b095de1,3.7
U1185,036df75a,3.6
U1185,5e505e4d,1.7
U1186,b83af3f6,3.6
U1186,8fdac88e,3.6
U1186,5ca88dd3,3.4
U1186,6802ebba,2.2
U1186,3a55e3cc,3.3
U1186,d3327c3f,3.1
U1186,11ee237a,4.3
U1186,4a037985,3.5
U1186,3c1f10a5,1.3
U1186,4ad63459,4.3
U1187,928b1a37,2.4
U1187,0a168adb,4.6
U1187,23568e73,4.1
U1187,e72197e8,2.5
U1187,a639fae4,4.8
U1187,a474b957,2.1
U1187,d1594e7b,2.1
U1187,3c1f10a5,1.8
U1187,2db39208,1.6
U1187,40091361,1.7
U1188,2811bc43,2.2
U1188,98667158,1.5
U1188,2972e819,1.2
U1188,fce463f6,1.8
U1188,7a56fc2c,1.9
U1188,70114143,2.7
U1188,dcfdf0e8,1.0
U1188,0a168adb,1.7
U1188,bd38cba4,2.4
U1188,024fcfe6,4.0
U1189,4ad63459,2.7
U1189,8091ddcc,4.2
U1189,a799369f,3.3
U1189,23e0e85c,4.5
U1189,a4ad5385,3.9
U1189,2a971420,5.0
U1189,9639afeb,1.9
U1189,9cedc10f,1.6
U1189,52c80218,1.4
U1189,56545574,4.6
U1190,5b0a0ee0,1.1
U1190,73b3ba45,1.9
U1190,18cc40fa,4.0
U1190,ca7de23b,4.7
U1190,7ecbee84,1.8
U1190,9e282434,4.2
U1190,6886c2dc,4.7
U1190,b7af1118,3.3
U1190,147bac54,2.8
U1190,eae09ea0,2.6
U1191,583623c4,3.1
U1191,f0a3d090,4.1
U1191,0fa98030,5.0
U1191,96e255ed,1.8
U1191,5d7c1b6e,1.9
U1191,8586230d,4.4
U1191,11ee237a,2.4
U1191,d3327c3f,4.3
U1191,c44ef1dd,3.9
U1191,c2f45c82,1.4
U1192,a7a143ad,2.2
U1192,01095052,4.4
U1192,8b6db425,2.7
U1192,7080da29,3.9
U1192,90b8cb13,1.6
U1192,f869c0e6,4.2
U1192,b38f357a,2.0
U1192,0420200e,1.2
U1192,1d703f99,3.1
U1192,caba31f4,2.2
U1193,8c51e689,4.1
U1193,7dd66a9e,4.4
U1193,9b376e71,3.5
U1193,4c5ec9d6,4.9
U1193,cafe6c16,2.0
U1193,cc1d2045,2.1
U1193,a2fa8c8f,2.2
U1193,23568e73,2.8
U1193,aa8a1cde,2.6
U1193,688f3f09,1.9
U1194,11af39e3,3.6
U1194,0fa98030,4.7
U1194,70114143,3.9
U1194,8c90681b,4.7
U1194,1b1ab676,2.4
U1194,c7223d17,1.4
U1194,0d125c02,2.7
U1194,9b87df9a,2.1
U1194,220374f7,3.8
U1194,7fdd5880,4.2
U1195,65226425,2.3
U1195,8e974911,4.5
U1195,f461260f,2.4
U1195,c3c86018,1.2
U1195,6537dc3c,3.0
U1195,96da513a,2.6
U1195,9dcf8db2,1.5
U1195,11080af5,4.3
U1195,cbec7ee1,4.6
U1195,1b6bb38b,3.6
U1196,d3327c3f,1.2
U1196,5183649c,4.9
U1196,a5c88990,3.8
U1196,ae3acfd1,4.5
U1196,3401b201,1.1
U1196,e894e3be,3.4
U1196,06ad1766,3.4
U1196,48a586ef,3.1
U1196,520c08e5,1.1
U1196,24107b4c,1.6
U1197,522006bb,3.0
U1197,bb61e3f0,4.3
U1197,bc0c3c51,4.3
U1197,52f2dbd9,3.1
U1197,4eb295cd,4.4
U1197,94faf927,3.5
U1197,a2fa8c8f,1.5
U1197,cf5632fc,3.1
U1197,ec1fc2d3,3.1
U1197,845c2189,3.5
U1198,6a1658a1,4.3
U1198,7540eff6,3.3
U1198,6ec7d345,2.1
U1198,eeedc572,1.4
U1198,a3af67ee,1.1
U1198,19c75cf4,5.0
U1198,f20d6021,3.8
U1198,172dfe62,1.2
U1198,f7e253d4,4.5
U1198,0fa98030,1.0
U1199,17c34e20,3.4
U1199,5b97156b,4.7
U1199,b9557c71,3.9
U1199,5cc4e2cd,1.5
U1199,7053a1dd,2.7
U1199,c4f2c597,2.6
U1199,ca7de23b,1.8
U1199,3db8c70f,1.2
U1199,7c68c5db,1.0
U1199,52c4b291,2.0
U1200,f4ec99ac,1.1
U1200,7ed6c088,2.4
U1200,193dda4a,4.3
U1200,0584cb41,2.2
U1200,509d3d92,1.2
U1200,fce2cfc7,1.8
U1200,f8e4fb34,4.5
U1200,725c6e8a,4.8
U1200,f1cb3a5c,2.2
U1200,ca7de23b,2.1
U1201,5d7c1b6e,4.3
U1201,3a55e3cc,1.5
U1201,2811bc43,2.8
U1201,f8018b16,1.7
U1201,7053a1dd,1.8
U1201,b3ddac77,3.8
U1201,509d3d92,4.5
U1201,4177151b,4.5
U1201,ab3fdcdb,3.8
U1201,7c68c5db,2.7
U1202,cd3ecf94,4.7
U1202,0420200e,3.7
U1202,7dd66a9e,3.7
U1202,95899868,1.8
U1202,b38f357a,2.6
U1202,2cdfb1dc,2.4
U1202,baf76fbe,5.0
U1202,f9ba8ee6,2.8
U1202,7b2ecc2f,3.7
U1202,9ab05fe1,2.9
U1203,df97a8b3,5.0
U1203,b54bbb85,3.4
U1203,1d3b151b,4.2
U1203,dafe9152,3.0
U1203,b38f357a,1.0
U1203,f454fa6f,1.7
U1203,b0a09f68,1.2
U1203,38ca5b6b,1.6
U1203,928b1a37,3.7
U1203,e7c355d0,4.5
U1204,5ca88dd3,4.8
U1204,f8e4fb34,2.2
U1204,4a037985,2.7
U1204,d93da090,3.4
U1204,a0489aac,3.8
U1204,44e61206,3.3
U1204,3f91d5ed,4.5
U1204,16e0cbb0,1.5
U1204,fb76df07,2.0
U1204,a5877f7b,1.7
U1205,1da5d7d9,3.3
U1205,1b095de1,3.9
U1205,cf8aea62,1.2
U1205,ca7de23b,3.6
U1205,ba2ffc26,2.0
U1205,d3327c3f,1.7
U1205,4cbe74b0,3.8
U1205,da895004,2.8
U1205,688f3f09,3.1
U1205,5e480918,4.1
U1206,a474b957,2.7
U1206,5e505e4d,3.3
U1206,c1079312,1.5
U1206,b7af1118,3.5
U1206,252d42f3,1.9
U1206,3931c6f9,4.8
U1206,7740df97,2.5
U1206,b59fd3bb,3.7
U1206,b9464f09,2.3
U1206,7dd66a9e,1.8
U1207,5e4eb919,3.4
U1207,1b126eb1,3.8
U1207,56545574,4.2
U1207,df01a208,1.8
U1207,8fdac88e,3.8
U1207,24107b4c,1.4
U1207,b54bbb85,4.7
U1207,830d1616,4.4
U1207,637e6aa3,3.8
U1207,36ba7614,1.5
U1208,4218f3ee,1.0
U1208,00ae8ba2,1.3
U1208,bcb3d140,3.3
U1208,bd38cba4,4.1
U1208,4eb295cd,3.1
U1208,c7223d17,1.7
U1208,7080da29,4.2
U1208,3ccda57b,4.3
U1208,6761c245,3.1
U1208,4c102434,4.6
U1209,12c6163c,3.3
U1209,7de4c4b6,3.4
U1209,10fdb333,1.5
U1209,5d7c1b6e,1.6
U1209,caba31f4,1.2
U1209,508b774c,1.7
U1209,f0a3d090,3.2
U1209,1c48b51c,4.9
U1209,0d9b0003,2.0
U1209,5ca88dd3,2.0
U1210,541e0458,3.6
U1210,520c08e5,2.6
U1210,d38f016d,1.9
U1210,2ebfc193,3.6
U1210,b0a09f68,4.7
U1210,7680a630,2.6
U1210,f7e253d4,3.1
U1210,baf76fbe,4.9
U1210,af1a90ec,1.7
U1210,66a0f670,3.9
U1211,f9272d67,2.0
U1211,f92f4747,1.7
U1211,2972e819,3.7
U1211,de7a71c5,4.3
U1211,6d90ad69,2.5
U1211,14525bfa,3.7
U1211,653ba8cd,4.4
U1211,2db39208,1.7
U1211,92a378bf,1.7
U1211,122d08d2,3.8
U1212,94c0c6f4,1.3
U1212,538a4a2d,1.7
U1212,15fd117d,3.7
U1212,1fd91674,2.6
U1212,c1e44a99,2.8
U1212,14525bfa,2.4
U1212,aa72303e,1.8
U1212,358e57a8,1.9
U1212,031fff72,3.5
U1212,85ebfef1,3.9
U1213,73b3ba45,2.4
U1213,5629145c,4.2
U1213,38ca5b6b,4.2
U1213,8f86d0c7,2.8
U1213,a7873a55,4.2
U1213,00ae8ba2,4.2
U1213,af1a90ec,4.3
U1213,3f91d5ed,2.7
U1213,a799369f,3.6
U1213,9ab05fe1,2.7
U1214,3ccda57b,2.6
U1214,7080da29,1.4
U1214,27f42714,3.9
U1214,36d91e0a,1.8
U1214,928b1a37,2.5
U1214,dafe9152,2.8
U1214,2e7c1ae5,3.9
U1214,a4d2bf3c,2.8
U1214,18cc40fa,1.7
U1214,afd76e76,1.0
U1215,085b8d9b,3.5
U1215,f869c0e6,3.7
U1215,b263707b,3.0
U1215,69d6c8fd,3.7
U1215,f0c9cbff,4.9
U1215,2c38846b,1.4
U1215,5d278388,4.4
U1215,3ce53812,4.7
U1215,a5e9d090,2.1
U1215,70114143,2.7
U1216,03b7e32d,2.4
U1216,3e32c087,4.0
U1216,bd38cba4,4.9
U1216,6a1658a1,3.4
U1216,595e1925,1.2
U1216,d38f016d,3.1
U1216,dee80741,4.9
U1216,9f9d8950,4.1
U1216,cd6a4d46,1.0
U1216,ad2436b5,2.6
U1217,c1865a1e,2.7
U1217,1c0ff33e,4.0
U1217,509d3d92,1.6
U1217,3931c6f9,4.8
U1217,2ebfc193,4.7
U1217,14525bfa,2.8
U1217,6761c245,1.7
U1217,34bd90dc,2.8
U1217,4778b29c,3.3
U1217,193dda4a,3.3
U1218,ca046ffd,3.2
U1218,0384be85,4.4
U1218,00ae8ba2,4.9
U1218,f8018b16,2.4
U1218,5edffe66,4.5
U1218,af1a90ec,1.3
U1218,f20d6021,4.9
U1218,553ca4e6,2.2
U1218,dafe9152,1.0
U1218,6ec7d345,3.3
U1219,da895004,2.9
U1219,ec1fc2d3,2.0
U1219,4c102434,3.7
U1219,6a1658a1,3.5
U1219,467f74ee,1.5
U1219,0dbb70eb,3.7
U1219,a2fa8c8f,1.2
U1219,48a586ef,3.8
U1219,249489bb,3.8
U1219,759b81f4,4.4
U1220,2972e819,1.0
U1220,249489bb,4.0
U1220,538a4a2d,4.0
U1220,1c48b51c,3.6
U1220,e64aa98f,4.2
U1220,fb76df07,3.8
U1220,7fde8af3,3.4
U1220,16c0c195,3.3
U1220,9977b253,4.4
U1220,2a204dc0,4.7
U1221,ae5c93e9,3.4
U1221,cd278864,2.7
U1221,e473c9e2,3.8
U1221,30bfc186,2.9
U1221,3bee5432,4.2
U1221,688f3f09,4.8
U1221,3a5f5532,4.6
U1221,65226425,1.3
U1221,aef37431,1.8
U1221,a0ea84e1,4.3
U1222,fc792cde,1.3
U1222,e90948ea,4.6
U1222,f20d6021,1.9
U1222,cd278864,4.0
U1222,85b108c5,3.2
U1222,9f9d8950,4.8
U1222,1b126eb1,2.1
U1222,8df72623,4.7
U1222,a5877f7b,3.0
U1222,d9fabb1d,3.0
U1223,dab1b794,1.1
U1223,b245c1aa,2.3
U1223,8fdac88e,3.1
U1223,172dfe62,2.2
U1223,9e282434,3.5
U1223,5d7c1b6e,4.3
U1223,2db39208,4.5
U1223,7a56fc2c,3.9
U1223,f7e253d4,2.7
U1223,94faf927,3.6
U1224,a4d2bf3c,3.8
U1224,595dce42,1.4
U1224,972e8662,4.7
U1224,024fcfe6,3.7
U1224,085b8d9b,1.5
U1224,fa385764,4.3
U1224,131d8bd4,2.1
U1224,467f74ee,4.3
U1224,1b6bb38b,4.0
U1224,2cdfb1dc,4.6
U1225,5629145c,4.5
U1225,f93fb2dc,2.3
U1225,1e3fd857,1.7
U1225,2f4f7819,1.7
U1225,01095052,3.3
U1225,ae5c93e9,1.1
U1225,984f7997,4.0
U1225,38ca5b6b,2.7
U1225,4778b29c,2.0
U1225,dafe9152,2.9
U1226,f9ba8ee6,3.5
U1226,f9eeae8c,1.1
U1226,f8018b16,1.3
U1226,595e1925,4.5
U1226,f1cb3a5c,4.1
U1226,3bee5432,3.7
U1226,5c7a9ddf,3.1
U1226,69d6c8fd,1.9
U1226,9f9d8950,2.5
U1226,8fdac88e,4.6
U1227,5cc4e2cd,1.8
U1227,a5c88990,1.6
U1227,fa385764,3.9
U1227,cf4fff8e,3.2
U1227,ec1fc2d3,3.3
U1227,688f3f09,2.9
U1227,395c24a7,4.3
U1227,d93da090,4.1
U1227,5d37dc6e,1.0
U1227,522006bb,3.8
U1228,8adc3358,4.9
U1228,5e480918,1.7
U1228,193dda4a,1.8
U1228,dab1b794,2.8
U1228,ca7de23b,2.7
U1228,d1594e7b,4.1
U1228,15a7d2d8,2.6
U1228,4f91f8fe,4.2
U1228,2f8334db,3.4
U1228,3a80a99e,3.4
U1229,c8e94e65,4.2
U1229,3c50338b,1.8
U1229,f4ec99ac,4.7
U1229,6a1658a1,1.2
U1229,2f8334db,2.3
U1229,522006bb,2.9
U1229,8fdac88e,1.4
U1229,8e974911,1.5
U1229,dcfdf0e8,3.1
U1229,98667158,4.9
U1230,031fff72,2.9
U1230,395c24a7,2.7
U1230,086d24e0,3.7
U1230,aa72303e,1.2
U1230,5074bf59,1.0
U1230,93fa45f1,1.6
U1230,6761c245,2.4
U1230,3c1f10a5,1.0
U1230,147bac54,2.7
U1230,f8e4fb34,2.3
U1231,e0f67c5c,3.7
U1231,8adc3358,3.0
U1231,6decfc0c,3.3
U1231,725c6e8a,1.8
U1231,a5c88990,2.4
U1231,7080da29,4.8
U1231,1da5d7d9,2.1
U1231,552f4c29,3.8
U1231,8091ddcc,4.1
U1231,a0ea84e1,2.8
U1232,4afcf076,2.6
U1232,1c0ff33e,2.0
U1232,5c7a9ddf,3.9
U1232,e124dce1,3.1
U1232,147bac54,4.6
U1232,f96cc5cd,3.2
U1232,f9ba8ee6,2.0
U1232,44a7f6f0,5.0
U1232,7f393c30,2.0
U1232,f8e4fb34,1.2
U1233,1051bfee,1.7
U1233,d38f016d,2.8
U1233,c70aec7d,3.9
U1233,88d92c1f,4.1
U1233,01095052,4.2
U1233,96d024f1,2.6
U1233,19c75cf4,3.1
U1233,3ccda57b,1.5
U1233,c1865a1e,3.4
U1233,ca7de23b,2.3
U1234,ba00f0ba,4.9
U1234,f96cc5cd,1.9
U1234,6537dc3c,4.2
U1234,66df45b6,3.1
U1234,ca7de23b,1.5
U1234,d93da090,1.3
U1234,1d3b151b,2.3
U1234,7c40137c,4.6
U1234,777d8854,3.9
U1234,57e56794,1.0
U1235,1b1ab676,2.8
U1235,9977b253,2.9
U1235,96da513a,4.6
U1235,5c7a9ddf,2.5
U1235,18cc40fa,5.0
U1235,0420200e,2.9
U1235,55ddd85b,1.4
U1235,b9464f09,2.7
U1235,85b108c5,1.6
U1235,da40dc19,3.5
U1236,44e61206,3.8
U1236,fce2cfc7,3.9
U1236,9b87df9a,2.4
U1236,88219607,3.4
U1236,17c34e20,1.9
U1236,2f4f7819,4.1
U1236,1d3b151b,2.4
U1236,a17e5bca,2.6
U1236,499d0c58,3.9
U1236,147bac54,3.9
U1237,a2fa8c8f,3.1
U1237,38ca5b6b,1.7
U1237,57e56794,1.9
U1237,f92f4747,1.8
U1237,058a7f3c,4.9
U1237,4a037985,3.2
U1237,522006bb,2.4
U1237,b7af1118,1.4
U1237,3f91d5ed,3.6
U1237,4c102434,3.0
U1238,bc0c3c51,3.2
U1238,8c51e689,2.8
U1238,9bcd4766,3.4
U1238,8c90681b,1.4
U1238,cd3ecf94,1.3
U1238,f3667de1,3.0
U1238,f6fdde7c,2.6
U1238,2595a51e,3.5
U1238,cf4fff8e,3.7
U1238,88219607,2.9
U1239,48a586ef,2.0
U1239,adb44e71,3.5
U1239,9eb60fd3,4.5
U1239,29425725,3.0
U1239,4eb295cd,4.4
U1239,193dda4a,1.3
U1239,4556e6f4,4.1
U1239,a2a1d7be,3.3
U1239,15a7d2d8,4.1
U1239,7c0ec156,2.2
U1240,90a09c29,2.0
U1240,e7c355d0,2.8
U1240,18cc40fa,4.4
U1240,6537dc3c,2.1
U1240,1208875c,1.0
U1240,ae522cd4,3.4
U1240,7fdd5880,2.3
U1240,48f256ba,3.2
U1240,b54bbb85,1.6
U1240,17c34e20,2.5
U1241,68bda325,3.8
U1241,6537dc3c,1.3
U1241,d4fec973,1.6
U1241,b4eea688,2.7
U1241,7080da29,4.6
U1241,819fcf93,3.7
U1241,4548b445,1.5
U1241,f495612d,4.9
U1241,dab9f09e,2.5
U1241,44a7f6f0,1.7
U1242,f93fb2dc,4.9
U1242,1b095de1,1.8
U1242,15a7d2d8,4.7
U1242,2e5e557d,4.7
U1242,a0cce20f,2.1
U1242,21c46cc2,2.8
U1242,36ba7614,1.5
U1242,2a204dc0,4.7
U1242,b117ff47,4.9
U1242,9eb60fd3,3.2
U1243,7337301f,1.5
U1243,e473c9e2,4.1
U1243,1fea05d4,3.7
U1243,9f9d8950,3.2
U1243,ca7de23b,2.4
U1243,24107b4c,2.1
U1243,9f8d5b86,4.7
U1243,0fb4ac55,5.0
U1243,21c46cc2,1.7
U1243,7ed6c088,3.7
U1244,7ed6c088,4.9
U1244,c4f007d0,3.7
U1244,ec1fc2d3,3.8
U1244,ba56c4ee,1.5
U1244,1ecd183f,3.1
U1244,00ae8ba2,4.2
U1244,097aa76d,1.6
U1244,a7873a55,5.0
U1244,eae09ea0,1.1
U1244,81ed414d,1.2
U1245,1d703f99,4.2
U1245,1c0ff33e,2.2
U1245,52c4b291,1.8
U1245,01095052,3.3
U1245,e99847ae,3.4
U1245,7c68c5db,1.9
U1245,40091361,4.7
U1245,e79f8a52,1.1
U1245,972e8662,3.3
U1245,d750e115,4.4
U1246,b0a09f68,4.1
U1246,a4d2bf3c,2.5
U1246,f96cc5cd,1.7
U1246,4a037985,4.5
U1246,3db8c70f,3.6
U1246,508b774c,5.0
U1246,5b0a0ee0,3.4
U1246,477660a4,4.4
U1246,0dbb70eb,1.4
U1246,3a80a99e,5.0
U1247,16e0cbb0,3.1
U1247,15fd117d,3.2
U1247,c7223d17,2.8
U1247,38ca5b6b,1.6
U1247,1da5d7d9,3.0
U1247,f96cc5cd,1.9
U1247,b8ac00f9,2.8
U1247,0fb4ac55,1.3
U1247,4f91f8fe,4.4
U1247,533d4b01,1.9
U1248,172dfe62,3.5
U1248,a4d2bf3c,3.8
U1248,8adc3358,2.5
U1248,19b783dd,4.7
U1248,52c80218,3.4
U1248,44e61206,4.3
U1248,c1e44a99,2.4
U1248,5e480918,1.0
U1248,2c38846b,1.3
U1248,5cc4e2cd,4.2
U1249,f8018b16,3.2
U1249,358e57a8,3.9
U1249,48a586ef,2.6
U1249,a17e5bca,2.5
U1249,2595a51e,3.8
U1249,984f7997,2.9
U1249,17c34e20,1.5
U1249,36d91e0a,1.3
U1249,cc1d2045,2.8
U1249,5e480918,4.0
U1250,6035519d,3.3
U1250,fa385764,1.6
U1250,adb44e71,1.8
U1250,a0489aac,2.6
U1250,8c16bfb3,4.4
U1250,f9eeae8c,2.2
U1250,fdc7379d,2.7
U1250,2b072b66,1.9
U1250,2e5e557d,3.4
U1250,aa72303e,2.9
U1251,220374f7,3.8
U1251,57e56794,2.5
U1251,cbec7ee1,1.4
U1251,dfd232cc,4.4
U1251,b0a09f68,1.8
U1251,349a219a,4.1
U1251,98667158,1.2
U1251,fc792cde,2.4
U1251,6b269064,1.5
U1251,a4d2bf3c,1.3
U1252,3ce53812,3.3
U1252,4c5ec9d6,2.0
U1252,f0c9cbff,1.7
U1252,acd78257,1.9
U1252,cafe6c16,3.4
U1252,393d1403,4.5
U1252,e72197e8,3.1
U1252,4f91f8fe,3.1
U1252,de7a71c5,1.6
U1252,af104b2e,4.3
U1253,7006280a,1.9
U1253,6d14c01f,3.6
U1253,e79f8a52,1.1
U1253,16c233ca,1.0
U1253,2a204dc0,2.4
U1253,2595a51e,1.9
U1253,b3c0e7cf,2.6
U1253,a474b957,3.7
U1253,11af39e3,3.4
U1253,83812064,1.3
U1254,7c0ec156,1.6
U1254,e124dce1,2.4
U1254,16c0c195,2.6
U1254,bcb3d140,3.5
U1254,f96cc5cd,4.1
U1254,12ad87e3,4.7
U1254,8c90681b,3.6
U1254,688f3f09,1.4
U1254,1b6bb38b,3.6
U1254,6a1658a1,1.1
U1255,bcb3d140,4.7
U1255,174b16b5,3.6
U1255,11af39e3,2.9
U1255,57bb5c79,1.0
U1255,2235d8ee,3.1
U1255,e0f67c5c,1.0
U1255,6d90ad69,1.4
U1255,e3bf4dcd,3.0
U1255,c1e44a99,1.7
U1255,8accc497,1.4
U1256,dafe9152,3.7
U1256,c7223d17,2.3
U1256,1b1ab676,3.3
U1256,2ebfc193,2.2
U1256,c1fb0ea0,2.6
U1256,df01a208,2.3
U1256,f9ba8ee6,2.0
U1256,99973820,2.3
U1256,6d14c01f,3.5
U1256,96b7d4e5,3.5
U1257,b419fca5,4.9
U1257,ba00f0ba,2.0
U1257,8c51e689,4.1
U1257,96b7d4e5,4.7
U1257,4177151b,4.5
U1257,159d4731,1.9
U1257,8b6db425,2.1
U1257,acd78257,3.6
U1257,dfd232cc,2.1
U1257,092cb015,4.0
U1258,3bee5432,2.3
U1258,c2f45c82,1.7
U1258,14525bfa,2.7
U1258,4afcf076,4.3
U1258,f4ec99ac,1.1
U1258,a4ad5385,4.6
U1258,2235d8ee,4.9
U1258,e7893e0f,2.6
U1258,086d24e0,1.1
U1258,eae09ea0,4.8
U1259,3a40c1a9,3.7
U1259,0384be85,2.7
U1259,f92f4747,2.8
U1259,38ca5b6b,2.6
U1259,69d6c8fd,2.1
U1259,688f3f09,2.7
U1259,40091361,2.4
U1259,d4fec973,4.6
U1259,8c90681b,1.9
U1259,c23be934,4.6
U1260,55ddd85b,1.6
U1260,aa8a1cde,2.8
U1260,d1594e7b,4.6
U1260,358e57a8,3.7
U1260,2595a51e,2.7
U1260,19c75cf4,4.0
U1260,1b095de1,3.8
U1260,b6b3e021,2.8
U1260,6035519d,4.6
U1260,522006bb,1.2
U1261,520c08e5,1.4
U1261,8e6bc9df,2.5
U1261,cf4fff8e,2.1
U1261,fdc7379d,3.1
U1261,94faf927,1.7
U1261,8c292b5a,2.7
U1261,85b108c5,3.9
U1261,f57a2ec0,1.5
U1261,44a7f6f0,3.5
U1261,5183649c,3.2
U1262,541e0458,3.0
U1262,36d91e0a,1.4
U1262,44e61206,3.6
U1262,7ecbee84,2.3
U1262,88219607,3.6
U1262,dee80741,4.3
U1262,52f2dbd9,1.6
U1262,66a0f670,1.3
U1262,349a219a,3.9
U1262,ba6b9edd,4.1
U1263,01849eee,3.7
U1263,1c48b51c,3.1
U1263,541e0458,2.1
U1263,1b126eb1,3.7
U1263,af1a90ec,4.9
U1263,aef37431,4.0
U1263,5d37dc6e,2.3
U1263,a5e9d090,1.9
U1263,653ba8cd,2.3
U1263,8c90681b,4.6
U1264,e3b2ee45,4.5
U1264,e6539784,2.5
U1264,a5e9d090,3.7
U1264,3bee5432,1.5
U1264,c8e94e65,4.4
U1264,1d703f99,2.0
U1264,94f553f4,1.6
U1264,7ecbee84,2.0
U1264,a639fae4,3.7
U1264,8586230d,1.0
U1265,7fdd5880,1.3
U1265,d6fc0d64,5.0
U1265,68bda325,1.2
U1265,bb61e3f0,4.8
U1265,2570b385,3.2
U1265,1208875c,2.1
U1265,7de5faec,4.2
U1265,530cbd9c,4.5
U1265,d0bdd6c6,4.6
U1265,73b3ba45,1.8
U1266,afd76e76,4.3
U1266,1d3b151b,3.0
U1266,96e255ed,2.0
U1266,fc792cde,3.1
U1266,0647d20e,1.9
U1266,508b774c,2.5
U1266,dafe9152,4.6
U1266,928b1a37,1.5
U1266,f869c0e6,4.2
U1266,75cde3e3,3.5
U1267,f57a2ec0,3.7
U1267,0cf42113,4.1
U1267,8adc3358,3.4
U1267,b7e4c7aa,1.6
U1267,f869c0e6,3.2
U1267,fb3f3206,1.7
U1267,e7c355d0,4.6
U1267,9597c55d,3.0
U1267,06a1b9ca,1.6
U1267,10303f23,4.5
U1268,fabb045f,5.0
U1268,da40dc19,2.9
U1268,6886c2dc,2.9
U1268,52c4b291,2.2
U1268,b9ebb179,4.5
U1268,03b7e32d,4.3
U1268,9597c55d,4.2
U1268,bcb3d140,1.1
U1268,38ca5b6b,4.5
U1268,94faf927,4.5
U1269,552f4c29,3.3
U1269,ec772cb3,2.9
U1269,16b3d376,1.3
U1269,174b16b5,3.0
U1269,e473c9e2,4.7
U1269,a4ad5385,3.8
U1269,56d3cdf3,2.5
U1269,b6b3e021,1.2
U1269,159d4731,4.1
U1269,4218f3ee,4.9
U1270,7080da29,2.6
U1270,94faf927,2.8
U1270,7337301f,2.3
U1270,52c4b291,1.3
U1270,3a5f5532,3.2
U1270,9f8d5b86,1.5
U1270,3c50338b,4.5
U1270,1c48b51c,4.7
U1270,fc792cde,1.9
U1270,6802ebba,4.4
U1271,a17e5bca,2.2
U1271,cf5632fc,2.9
U1271,972e8662,2.5
U1271,34bd90dc,1.5
U1271,44a7f6f0,3.3
U1271,b0a09f68,2.4
U1271,8b6db425,1.8
U1271,4c5ec9d6,3.9
U1271,a5e9d090,2.3
U1271,022a2d21,2.9
U1272,1b1ab676,2.1
U1272,9c6f5358,4.5
U1272,1da5d7d9,1.7
U1272,7c68c5db,3.0
U1272,10fdb333,3.4
U1272,fbde2c73,1.3
U1272,515057e9,4.4
U1272,1c48b51c,4.1
U1272,7006280a,4.0
U1272,1051bfee,3.8
U1273,5b0a0ee0,4.4
U1273,57bb5c79,2.3
U1273,1651eaf8,3.7
U1273,dfd232cc,1.7
U1273,f6fdde7c,3.7
U1273,eeedc572,1.6
U1273,b9557c71,3.2
U1273,7f393c30,1.4
U1273,7fde8af3,2.6
U1273,83812064,3.8
U1274,e0f67c5c,1.6
U1274,fdc7379d,4.4
U1274,7740df97,1.7
U1274,40091361,3.9
U1274,adb44e71,3.9
U1274,f495612d,1.9
U1274,c504f755,1.2
U1274,92a378bf,1.8
U1274,ba6b9edd,2.7
U1274,f92f4747,2.1
U1275,e61f72b2,2.1
U1275,88d92c1f,1.8
U1275,6140c68b,2.6
U1275,15fd117d,4.9
U1275,1c0ff33e,3.9
U1275,a1be68d2,3.6
U1275,8c51e689,2.7
U1275,f6fdde7c,4.9
U1275,b117ff47,2.7
U1275,a2a1d7be,4.5
U1276,ec772cb3,4.7
U1276,4cbe74b0,2.8
U1276,fc792cde,1.7
U1276,9977b253,3.9
U1276,dab9f09e,3.1
U1276,3ccda57b,1.6
U1276,e79f8a52,3.1
U1276,4218f3ee,2.0
U1276,1fea05d4,2.2
U1276,777d8854,2.4
U1277,9b3a1b3a,2.3
U1277,caba31f4,2.2
U1277,c70aec7d,2.2
U1277,a474b957,1.2
U1277,3f91d5ed,2.4
U1277,baf76fbe,2.6
U1277,3f3863af,2.4
U1277,358e57a8,3.3
U1277,72f81330,4.0
U1277,b245c1aa,3.9
U1278,1c48b51c,1.5
U1278,16c0c195,4.5
U1278,11ee237a,2.6
U1278,d338450b,2.5
U1278,3c1f10a5,1.8
U1278,092cb015,1.5
U1278,90b8cb13,3.9
U1278,553ca4e6,3.9
U1278,7de5faec,4.2
U1278,ba2ffc26,1.1
U1279,819fcf93,2.7
U1279,b419fca5,4.7
U1279,3e32c087,4.9
U1279,6d14c01f,4.5
U1279,9dcf8db2,4.3
U1279,172dfe62,4.5
U1279,d6fc0d64,4.2
U1279,a2fa8c8f,2.6
U1279,220374f7,3.7
U1279,f9ba8ee6,4.1
U1280,2f8334db,3.5
U1280,3c50338b,1.2
U1280,55ddd85b,2.3
U1280,c8e94e65,4.7
U1280,b117ff47,2.4
U1280,a17e5bca,3.8
U1280,c547ab8b,3.0
U1280,d3327c3f,2.5
U1280,f6fdde7c,4.9
U1280,4218f3ee,1.4
U1281,e3b2ee45,4.8
U1281,e7c355d0,4.4
U1281,7de4c4b6,1.5
U1281,b211d76a,2.0
U1281,c1079312,4.8
U1281,da40dc19,3.0
U1281,a799369f,2.7
U1281,3db8c70f,1.7
U1281,7ed6c088,1.2
U1281,d0bdd6c6,3.0
U1282,6886c2dc,2.8
U1282,c1e44a99,3.4
U1282,3a55e3cc,3.0
U1282,28f3bef4,4.9
U1282,4a037985,4.3
U1282,7053a1dd,3.9
U1282,3a5f5532,3.0
U1282,a5e9d090,2.8
U1282,2ab831a7,4.4
U1282,c95e0330,3.6
U1283,648cea1b,3.4
U1283,7fdd5880,4.6
U1283,ae522cd4,2.0
U1283,1d703f99,4.8
U1283,252d42f3,1.0
U1283,4c102434,2.1
U1283,f0a3d090,3.5
U1283,e124dce1,5.0
U1283,cbbb1c98,3.4
U1283,c1e44a99,3.8
U1284,4afcf076,2.4
U1284,b9464f09,4.5
U1284,9b376e71,1.4
U1284,14525bfa,3.9
U1284,058a7f3c,4.0
U1284,ec772cb3,3.4
U1284,c1e44a99,1.5
U1284,83812064,1.4
U1284,b38f357a,3.4
U1284,2c38846b,4.7
U1285,a474b957,1.2
U1285,44e61206,5.0
U1285,b263707b,3.0
U1285,6dd7b424,4.2
U1285,cafe6c16,2.2
U1285,f80d58e8,2.5
U1285,e0a39f08,1.8
U1285,7680a630,3.8
U1285,b4eea688,2.3
U1285,2cdfb1dc,4.0
U1286,85b108c5,2.2
U1286,d9fabb1d,2.0
U1286,dd3c0a4b,1.0
U1286,5d37dc6e,4.1
U1286,9488cfb2,2.3
U1286,2780d237,1.4
U1286,90b8cb13,2.5
U1286,7de4c4b6,4.2
U1286,d4fec973,1.1
U1286,f4ec99ac,1.0
U1287,27f42714,4.6
U1287,21c46cc2,1.6
U1287,3bee5432,3.0
U1287,11ee237a,4.2
U1287,30fbb745,4.7
U1287,d0bdd6c6,1.9
U1287,19b783dd,4.7
U1287,3ccda57b,1.4
U1287,1da5d7d9,4.3
U1287,6dd7b424,4.3
U1288,553ca4e6,1.2
U1288,a4ad5385,2.0
U1288,52f2dbd9,1.1
U1288,6ec7d345,1.1
U1288,18cc40fa,1.5
U1288,b38f357a,3.4
U1288,517fa833,2.9
U1288,4afcf076,3.7
U1288,4778b29c,3.9
U1288,220374f7,2.4
U1289,b9557c71,4.1
U1289,59897df4,4.0
U1289,06ad1766,2.3
U1289,95282786,2.8
U1289,5ca88dd3,3.2
U1289,f20d6021,1.7
U1289,aa72303e,4.1
U1289,213eb44d,2.0
U1289,dab1b794,3.7
U1289,00ae8ba2,3.3
U1290,52c80218,4.6
U1290,cd3ecf94,3.6
U1290,5e505e4d,2.2
U1290,8accc497,3.1
U1290,7de5faec,2.3
U1290,249489bb,1.5
U1290,cd6a4d46,2.3
U1290,fce463f6,3.7
U1290,e3e499e0,4.9
U1290,509d3d92,3.8
U1291,5d7c1b6e,3.4
U1291,2cdfb1dc,4.2
U1291,3db8c70f,1.9
U1291,225da7e7,4.2
U1291,7de4c4b6,1.7
U1291,0647d20e,1.9
U1291,a5877f7b,1.8
U1291,845c2189,1.9
U1291,8adc3358,4.2
U1291,03b7e32d,4.7
U1292,1ecd183f,3.0
U1292,022a2d21,4.3
U1292,5d37dc6e,2.2
U1292,533d4b01,3.4
U1292,b8ac00f9,4.0
U1292,2ab831a7,4.0
U1292,d93953e9,4.7
U1292,c781bf8a,4.7
U1292,5e480918,4.0
U1292,3c1f10a5,2.8
U1293,249489bb,4.0
U1293,0584cb41,2.7
U1293,15a7d2d8,1.3
U1293,f0a3d090,4.0
U1293,a72fe99f,1.5
U1293,90b8cb13,2.6
U1293,c8e94e65,2.3
U1293,23568e73,4.6
U1293,9ab05fe1,4.8
U1293,a2a1d7be,3.3
U1294,8c16bfb3,4.8
U1294,036df75a,2.0
U1294,a2a1d7be,3.7
U1294,65226425,4.4
U1294,55ddd85b,3.2
U1294,1651eaf8,4.5
U1294,70114143,4.5
U1294,5cc4e2cd,1.8
U1294,252d42f3,3.7
U1294,4778b29c,1.1
U1295,4c5ec9d6,4.1
U1295,7f393c30,4.2
U1295,b0b74b52,4.3
U1295,0fa98030,2.7
U1295,a2fa8c8f,3.5
U1295,dafe9152,3.2
U1295,1651eaf8,1.7
U1295,ca7de23b,4.1
U1295,2e7c1ae5,1.1
U1295,96b7d4e5,1.9
U1296,031fff72,5.0
U1296,517fa833,5.0
U1296,2db39208,1.8
U1296,cc1d2045,3.8
U1296,6140c68b,4.1
U1296,159d4731,3.6
U1296,3c4be0a8,4.5
U1296,ec772cb3,3.4
U1296,94c0c6f4,3.0
U1296,00ddc95f,3.6
U1297,f3667de1,2.6
U1297,4afcf076,3.7
U1297,4556e6f4,1.8
U1297,c547ab8b,4.8
U1297,06a1b9ca,3.9
U1297,5183649c,2.1
U1297,96d024f1,3.0
U1297,122d08d2,2.6
U1297,b8ac00f9,3.5
U1297,c1fb0ea0,3.0
U1298,1fd91674,4.1
U1298,ae5c93e9,1.2
U1298,3a5f5532,1.5
U1298,23e0e85c,1.3
U1298,0647d20e,2.8
U1298,3ce53812,1.1
U1298,b7af1118,3.3
U1298,cf4fff8e,4.2
U1298,358d096e,1.2
U1298,024fcfe6,3.8
U1299,9ab05fe1,4.0
U1299,e473c9e2,3.4
U1299,c23be934,3.1
U1299,2f8334db,4.7
U1299,83812064,3.4
U1299,5e480918,1.0
U1299,34bd90dc,4.4
U1299,2972e819,4.0
U1299,1d703f99,3.8
U1299,515057e9,2.0
U1300,45e44a3b,3.8
U1300,a7873a55,1.0
U1300,e79f8a52,1.3
U1300,da40dc19,3.7
U1300,94faf927,3.3
U1300,66a0f670,1.3
U1300,15197a40,1.6
U1300,a72fe99f,1.1
U1300,637e6aa3,1.8
U1300,2f8334db,3.6
U1301,9e282434,3.0
U1301,583623c4,4.9
U1301,b211d76a,3.2
U1301,6886c2dc,3.3
U1301,172dfe62,3.7
U1301,73b3ba45,2.5
U1301,595dce42,3.7
U1301,3a55e3cc,3.5
U1301,fb3f3206,1.5
U1301,ca046ffd,2.0
U1302,9ab05fe1,1.9
U1302,0fb4ac55,4.7
U1302,d6c1c16d,1.7
U1302,99973820,3.4
U1302,45e44a3b,2.6
U1302,29425725,3.4
U1302,5e480918,1.0
U1302,520c08e5,2.0
U1302,2e7c1ae5,4.8
U1302,8df72623,1.3
U1303,648cea1b,4.7
U1303,12ad87e3,1.1
U1303,fce2cfc7,2.5
U1303,18cc40fa,2.3
U1303,6537dc3c,1.6
U1303,7b2ecc2f,2.9
U1303,69d6c8fd,2.0
U1303,fce463f6,2.1
U1303,595e1925,4.7
U1303,2f4f7819,1.5
U1304,cf4fff8e,2.4
U1304,a72fe99f,2.1
U1304,7ed6c088,3.9
U1304,96d024f1,4.8
U1304,6decfc0c,2.2
U1304,9f9d8950,1.5
U1304,b37ee992,1.6
U1304,94faf927,2.2
U1304,6b269064,1.4
U1304,dab9f09e,2.0
U1305,552f4c29,4.7
U1305,11af39e3,4.7
U1305,6d14c01f,1.4
U1305,1208875c,1.2
U1305,ae5c93e9,2.0
U1305,225da7e7,2.8
U1305,1da5d7d9,1.8
U1305,7fdd5880,3.9
U1305,f0c9cbff,4.1
U1305,d0bdd6c6,1.2
U1306,1208875c,2.0
U1306,fa385764,3.7
U1306,b245c1aa,1.6
U1306,4778b29c,2.8
U1306,dfdc849d,4.1
U1306,fce2cfc7,2.8
U1306,3c50338b,3.8
U1306,7fdd5880,2.7
U1306,01849eee,3.0
U1306,a7873a55,4.1
U1307,d750e115,3.4
U1307,1ecd183f,2.5
U1307,031fff72,2.3
U1307,a1be68d2,3.6
U1307,515057e9,4.7
U1307,3401b201,2.0
U1307,66a0f670,1.4
U1307,52c4b291,3.4
U1307,b7af1118,3.9
U1307,11080af5,1.4
U1308,7c68c5db,1.5
U1308,097aa76d,3.2
U1308,29425725,1.1
U1308,75cde3e3,3.5
U1308,122d08d2,1.8
U1308,393d1403,2.7
U1308,f454fa6f,1.7
U1308,1b6bb38b,2.1
U1308,b0a09f68,3.3
U1308,2c38846b,3.8
U1309,147bac54,1.4
U1309,2e5e557d,3.5
U1309,8586230d,4.2
U1309,4afcf076,4.6
U1309,5b0a0ee0,2.2
U1309,7de5faec,3.5
U1309,b3ddac77,3.1
U1309,7337301f,3.4
U1309,7c0ec156,4.7
U1309,172dfe62,4.0
U1310,ca7de23b,2.4
U1310,dcfdf0e8,2.4
U1310,3c4be0a8,1.6
U1310,1da5d7d9,4.4
U1310,83812064,3.5
U1310,530cbd9c,2.2
U1310,4a037985,5.0
U1310,3c50338b,4.8
U1310,dfd232cc,1.2
U1310,cf4fff8e,3.7
U1311,8accc497,2.5
U1311,15fd117d,2.5
U1311,7540eff6,2.1
U1311,4c102434,3.3
U1311,7080da29,3.3
U1311,c70aec7d,3.6
U1311,fb3f3206,4.8
U1311,f319505c,3.8
U1311,928b1a37,3.9
U1311,14525bfa,3.7
U1312,1b095de1,4.7
U1312,f4ec99ac,4.0
U1312,11ee237a,3.6
U1312,32e2e2ff,2.0
U1312,aa72303e,1.7
U1312,6d90ad69,2.7
U1312,4a037985,2.5
U1312,7337301f,3.4
U1312,9f8d5b86,3.1
U1312,23e0e85c,1.7
U1313,00ae8ba2,2.5
U1313,ab3fdcdb,2.1
U1313,00ddc95f,3.1
U1313,2db39208,2.3
U1313,7ed6c088,1.9
U1313,1b1ab676,4.0
U1313,aa72303e,4.5
U1313,38ca5b6b,4.1
U1313,131d8bd4,2.8
U1313,15a7d2d8,4.0
U1314,7f393c30,4.5
U1314,533d4b01,2.1
U1314,15bbff3b,2.5
U1314,69d6c8fd,4.3
U1314,7c68c5db,3.1
U1314,df97a8b3,2.3
U1314,81ed414d,3.9
U1314,8f86d0c7,4.3
U1314,cf5632fc,4.7
U1314,1b095de1,3.7
U1315,2f8334db,1.2
U1315,bcb3d140,2.2
U1315,8c16bfb3,1.6
U1315,e7c355d0,3.4
U1315,6decfc0c,3.4
U1315,40091361,2.6
U1315,5e4eb919,2.1
U1315,81ed414d,3.6
U1315,a5c88990,3.6
U1315,4a037985,2.6
U1316,ec1fc2d3,3.3
U1316,5e480918,4.3
U1316,06a1b9ca,3.3
U1316,a5c88990,1.6
U1316,8adc3358,2.0
U1316,fce2cfc7,2.9
U1316,56a73551,2.3
U1316,5074bf59,4.6
U1316,e0f67c5c,5.0
U1316,0647d20e,4.5
U1317,ca7de23b,2.2
U1317,a0489aac,3.7
U1317,59897df4,3.3
U1317,508b774c,4.5
U1317,b83af3f6,4.1
U1317,ab3fdcdb,2.5
U1317,131d8bd4,4.4
U1317,df01a208,4.4
U1317,fb3f3206,1.7
U1317,c781bf8a,4.5
U1318,7337301f,4.2
U1318,4548b445,3.3
U1318,1e3fd857,3.5
U1318,b3ddac77,3.4
U1318,94faf927,4.6
U1318,40091361,1.2
U1318,ec772cb3,1.2
U1318,a7873a55,3.6
U1318,6ec7d345,2.6
U1318,2f8334db,2.5
U1319,4f91f8fe,3.8
U1319,baf76fbe,2.6
U1319,3c50338b,4.9
U1319,9cedc10f,3.1
U1319,57e56794,3.7
U1319,c1fb0ea0,3.9
U1319,af1a90ec,2.6
U1319,538a4a2d,1.3
U1319,69d6c8fd,4.0
U1319,024fcfe6,4.6
U1320,3f91d5ed,4.3
U1320,0dbb70eb,3.4
U1320,cc1d2045,4.0
U1320,b9557c71,1.1
U1320,29425725,2.0
U1320,b9ebb179,4.6
U1320,533d4b01,2.9
U1320,15fd117d,3.8
U1320,afd76e76,1.2
U1320,7dd66a9e,4.5
U1321,759b81f4,4.4
U1321,5edffe66,3.6
U1321,c547ab8b,3.8
U1321,10303f23,3.0
U1321,15fd117d,1.7
U1321,131d8bd4,4.4
U1321,dafe9152,2.3
U1321,e79f8a52,3.6
U1321,85ebfef1,1.7
U1321,b3ddac77,1.2
U1322,34bd90dc,3.5
U1322,aa4bab9a,4.9
U1322,688f3f09,4.3
U1322,2e7c1ae5,2.0
U1322,972e8662,2.8
U1322,00ae8ba2,4.8
U1322,2235d8ee,3.7
U1322,e01027a1,4.7
U1322,48f256ba,4.0
U1322,9f9d8950,4.8
U1323,b72ca32a,1.4
U1323,16e0cbb0,2.7
U1323,725c6e8a,2.4
U1323,3a55e3cc,3.7
U1323,e90948ea,2.5
U1323,3cc0e5e6,3.1
U1323,48a586ef,4.9
U1323,b9557c71,3.0
U1323,3a40c1a9,1.4
U1323,d3327c3f,3.9
U1324,522006bb,4.8
U1324,395c24a7,1.7
U1324,b0a09f68,4.1
U1324,f495612d,3.9
U1324,fb3f3206,3.5
U1324,9ab05fe1,4.4
U1324,7c0ec156,4.7
U1324,bcb3d140,4.0
U1324,f869c0e6,4.5
U1324,aa8a1cde,2.0
U1325,38ca5b6b,3.8
U1325,a4d2bb58,4.8
U1325,c7223d17,4.6
U1325,59897df4,4.8
U1325,1b6bb38b,1.3
U1325,1fea05d4,3.2
U1325,c1079312,1.2
U1325,7006280a,3.1
U1325,f4ec99ac,2.3
U1325,d9d7260f,1.6
U1326,59897df4,1.3
U1326,4778b29c,4.2
U1326,131d8bd4,3.8
U1326,65226425,4.1
U1326,36d91e0a,1.5
U1326,5626eeb3,4.2
U1326,44a7f6f0,5.0
U1326,8e6bc9df,1.5
U1326,56a73551,2.9
U1326,01095052,4.1
U1327,972e8662,4.9
U1327,086d24e0,3.2
U1327,fb76df07,2.2
U1327,00ddc95f,4.6
U1327,1e3fd857,4.6
U1327,65226425,2.0
U1327,6d14c01f,1.1
U1327,393d1403,2.6
U1327,66df45b6,2.9
U1327,725c6e8a,4.7
U1328,1d3b151b,4.8
U1328,4548b445,2.7
U1328,10303f23,3.4
U1328,caba31f4,4.6
U1328,b0b74b52,4.5
U1328,3f91d5ed,3.2
U1328,eeedc572,3.4
U1328,57e56794,2.0
U1328,c8e94e65,2.5
U1328,dee80741,3.6
U1329,88d92c1f,2.0
U1329,57bb5c79,3.5
U1329,30bfc186,1.9
U1329,56a73551,1.8
U1329,fa035e10,4.7
U1329,15a7d2d8,3.5
U1329,b0a09f68,3.5
U1329,f0c9cbff,5.0
U1329,4ad63459,2.9
U1329,515057e9,4.4
U1330,70114143,2.2
U1330,cf8aea62,4.0
U1330,1b126eb1,4.4
U1330,1fea05d4,2.4
U1330,10fdb333,3.1
U1330,499d0c58,2.3
U1330,17c34e20,4.6
U1330,56d3cdf3,2.6
U1330,55ddd85b,3.6
U1330,fb3f3206,1.9
U1331,ae3acfd1,1.4
U1331,3f91d5ed,2.8
U1331,16c233ca,3.9
U1331,2c38846b,3.9
U1331,d9d7260f,1.2
U1331,68bda325,3.4
U1331,66a0f670,1.4
U1331,cd6a4d46,2.7
U1331,fce463f6,1.0
U1331,c1079312,3.8
U1332,a4d2bb58,1.9
U1332,4548b445,3.2
U1332,d750e115,1.8
U1332,b7af1118,2.4
U1332,f9272d67,5.0
U1332,c7223d17,2.1
U1332,8586230d,3.5
U1332,60decbad,3.5
U1332,7ed6c088,2.1
U1332,b9464f09,4.0
U1333,252d42f3,2.0
U1333,708df4d4,4.6
U1333,19b783dd,2.0
U1333,5d37dc6e,3.9
U1333,477660a4,2.7
U1333,1fea05d4,2.5
U1333,358e57a8,3.1
U1333,a0cce20f,4.7
U1333,bb61e3f0,1.2
U1333,d13e2c83,3.8
U1334,688f3f09,1.5
U1334,467f74ee,2.3
U1334,031fff72,1.2
U1334,092cb015,1.1
U1334,15a7d2d8,4.9
U1334,5e480918,3.6
U1334,d13e2c83,1.5
U1334,b9557c71,4.1
U1334,6761c245,4.8
U1334,d9d7260f,1.8
U1335,9bcd4766,3.1
U1335,d6fc0d64,4.0
U1335,c3c86018,3.0
U1335,b0a09f68,1.6
U1335,48f256ba,3.8
U1335,5e64bb8f,2.3
U1335,7c0ec156,1.9
U1335,f0a3d090,4.4
U1335,6537dc3c,2.4
U1335,fce463f6,1.9
U1336,2f8334db,3.5
U1336,0647d20e,3.9
U1336,2db39208,1.7
U1336,81ed414d,3.1
U1336,533d4b01,2.7
U1336,174b16b5,1.1
U1336,8fdac88e,4.1
U1336,9cedc10f,5.0
U1336,7de4c4b6,2.6
U1336,2a204dc0,2.0
U1337,fdc7379d,2.2
U1337,e99847ae,2.3
U1337,a17e5bca,4.1
U1337,2db39208,1.1
U1337,72269b78,4.4
U1337,f4ec99ac,2.2
U1337,cd6a4d46,3.7
U1337,66df45b6,2.7
U1337,e3e499e0,3.9
U1337,220374f7,3.2
U1338,f93fb2dc,3.5
U1338,bd38cba4,4.0
U1338,a799369f,1.9
U1338,2ebfc193,4.2
U1338,a5877f7b,5.0
U1338,dab9f09e,2.4
U1338,a3af67ee,3.9
U1338,a0cce20f,1.3
U1338,16b3d376,3.6
U1338,e894e3be,4.6
U1339,085b8d9b,1.2
U1339,b8ac00f9,3.8
U1339,fabb045f,1.2
U1339,56d3cdf3,4.2
U1339,d9fabb1d,3.6
U1339,f93fb2dc,4.5
U1339,2f8334db,1.8
U1339,44a7f6f0,1.1
U1339,f80d58e8,4.2
U1339,2b072b66,1.4
U1340,eae09ea0,4.0
U1340,9639afeb,3.5
U1340,f8e4fb34,1.5
U1340,5d7c1b6e,1.2
U1340,8586230d,3.0
U1340,b9ebb179,4.9
U1340,b245c1aa,3.1
U1340,9f8d5b86,2.6
U1340,024fcfe6,2.8
U1340,cd3ecf94,2.0
U1341,a799369f,3.7
U1341,024fcfe6,1.5
U1341,dd3c0a4b,1.7
U1341,adb44e71,5.0
U1341,759b81f4,2.5
U1341,3e32c087,3.5
U1341,d9d7260f,1.1
U1341,349a219a,1.1
U1341,6761c245,4.7
U1341,225da7e7,1.6
U1342,024fcfe6,3.5
U1342,7add4be3,2.8
U1342,5074bf59,4.9
U1342,2e7c1ae5,2.5
U1342,83812064,3.5
U1342,522006bb,3.6
U1342,c1865a1e,1.9
U1342,0f34cdc1,1.0
U1342,e7893e0f,3.1
U1342,b72ca32a,4.9
U1343,3a80a99e,1.4
U1343,52c4b291,3.8
U1343,e3e499e0,4.3
U1343,d3327c3f,1.9
U1343,0ddef331,1.4
U1343,7337301f,4.3
U1343,c4f2c597,3.9
U1343,f96cc5cd,2.2
U1343,c1865a1e,4.9
U1343,5b0a0ee0,5.0
U1344,509d3d92,2.5
U1344,a5c88990,1.5
U1344,d338450b,3.9
U1344,5d278388,2.2
U1344,6dd7b424,3.4
U1344,1ecd183f,1.7
U1344,d93da090,4.5
U1344,e72197e8,1.9
U1344,60decbad,2.0
U1344,cd6a4d46,1.2
U1345,cc1d2045,1.4
U1345,f461260f,2.2
U1345,6802ebba,1.9
U1345,6d90ad69,3.2
U1345,c1e44a99,3.2
U1345,bc0c3c51,4.5
U1345,5629145c,3.1
U1345,1d703f99,4.8
U1345,2811bc43,1.7
U1345,5c7a9ddf,3.3
U1346,1d703f99,4.5
U1346,024fcfe6,3.8
U1346,f4ec99ac,1.1
U1346,3cc0e5e6,3.2
U1346,34b8a92d,1.6
U1346,28f3bef4,1.9
U1346,afd76e76,3.6
U1346,98667158,2.3
U1346,b7af1118,3.1
U1346,520c08e5,2.9
U1347,d338450b,3.9
U1347,9597c55d,3.4
U1347,467f74ee,2.0
U1347,d38f016d,3.9
U1347,cd3ecf94,2.2
U1347,5183649c,1.8
U1347,66a0f670,2.3
U1347,9ab05fe1,4.6
U1347,6dd7b424,5.0
U1347,e894e3be,4.4
U1348,8b6db425,2.9
U1348,fabb045f,1.8
U1348,b9557c71,2.8
U1348,af1a90ec,4.5
U1348,3a40c1a9,1.1
U1348,7080da29,3.5
U1348,f93fb2dc,1.9
U1348,e01027a1,1.3
U1348,a4d2bf3c,2.9
U1348,9b87df9a,3.1
U1349,29425725,1.1
U1349,538a4a2d,2.6
U1349,b419fca5,2.6
U1349,f9ba8ee6,1.6
U1349,3f3863af,4.9
U1349,ae3acfd1,4.3
U1349,81ed414d,1.0
U1349,a474b957,1.0
U1349,95282786,1.5
U1349,4556e6f4,2.4
U1350,688f3f09,3.1
U1350,3c4be0a8,2.5
U1350,5b0a0ee0,1.9
U1350,b9557c71,3.6
U1350,34b8a92d,3.2
U1350,40091361,4.8
U1350,94faf927,3.3
U1350,6886c2dc,1.3
U1350,23e0e85c,4.7
U1350,8fdac88e,1.0
U1351,fa035e10,3.5
U1351,90a09c29,1.3
U1351,1da5d7d9,2.7
U1351,a72fe99f,1.0
U1351,40091361,2.1
U1351,a4d2bb58,4.5
U1351,f93fb2dc,4.7
U1351,a2a1d7be,4.8
U1351,e0a39f08,4.7
U1351,f20d6021,2.6
U1352,e3b2ee45,3.0
U1352,5c7a9ddf,1.4
U1352,759b81f4,3.1
U1352,fa035e10,1.6
U1352,90a09c29,1.8
U1352,7740df97,3.5
U1352,2595a51e,4.8
U1352,cd3ecf94,2.9
U1352,e0a39f08,3.0
U1352,70114143,1.2
U1353,ad2436b5,2.5
U1353,88219607,1.8
U1353,e61f72b2,1.7
U1353,5629145c,1.5
U1353,bc0c3c51,3.2
U1353,f3667de1,4.8
U1353,a5c88990,1.2
U1353,30bfc186,5.0
U1353,3401b201,5.0
U1353,024fcfe6,2.9
U1354,f319505c,4.1
U1354,bd38cba4,3.1
U1354,f20d6021,3.4
U1354,725c6e8a,1.8
U1354,dee80741,3.0
U1354,7dd66a9e,1.1
U1354,3c4be0a8,2.3
U1354,1ecd183f,4.3
U1354,ab3fdcdb,5.0
U1354,adb44e71,2.3
U1355,d93da090,3.7
U1355,213eb44d,2.9
U1355,66df45b6,3.3
U1355,7540eff6,4.2
U1355,193dda4a,2.1
U1355,dcfdf0e8,3.2
U1355,b59fd3bb,3.0
U1355,f9ba8ee6,3.6
U1355,d4fec973,2.0
U1355,ec1fc2d3,2.1
U1356,bcb3d140,4.5
U1356,b4eea688,3.1
U1356,03b7e32d,2.8
U1356,b263707b,4.0
U1356,a5877f7b,1.4
U1356,f8018b16,3.6
U1356,6dd7b424,2.8
U1356,eaf99caf,2.4
U1356,e6539784,4.6
U1356,845c2189,4.8
U1357,c55d3560,4.4
U1357,0f34cdc1,4.8
U1357,f92f4747,3.1
U1357,f96cc5cd,2.3
U1357,fa035e10,3.6
U1357,ba6b9edd,3.4
U1357,baf76fbe,1.8
U1357,cbbb1c98,2.2
U1357,e3e499e0,4.8
U1357,caba31f4,3.6
U1358,c4f007d0,3.9
U1358,f9eeae8c,1.4
U1358,16c233ca,4.5
U1358,393d1403,3.8
U1358,4177151b,3.9
U1358,95899868,1.3
U1358,a3af67ee,1.8
U1358,b7e4c7aa,4.0
U1358,19b783dd,1.1
U1358,e61f72b2,2.6
U1359,e7893e0f,4.1
U1359,c3c86018,1.9
U1359,bd38cba4,2.9
U1359,e79f8a52,4.1
U1359,533d4b01,4.6
U1359,e64aa98f,3.0
U1359,b0f297bc,3.1
U1359,8c292b5a,1.3
U1359,06ad1766,3.7
U1359,1b126eb1,3.1
U1360,358d096e,5.0
U1360,96e255ed,1.5
U1360,d1594e7b,3.4
U1360,b0f297bc,4.0
U1360,16c233ca,1.3
U1360,e6539784,4.0
U1360,ab3fdcdb,3.3
U1360,03b7e32d,1.8
U1360,595e1925,1.9
U1360,92a378bf,5.0
U1361,bd38cba4,2.0
U1361,ab3fdcdb,3.6
U1361,520c08e5,2.0
U1361,5edffe66,1.5
U1361,b8ac00f9,3.6
U1361,7fdd5880,4.6
U1361,99973820,1.4
U1361,e7c355d0,3.1
U1361,5b97156b,4.4
U1361,2780d237,4.3
U1362,52f2dbd9,3.5
U1362,6decfc0c,2.8
U1362,5e4eb919,3.5
U1362,058a7f3c,4.8
U1362,afd76e76,2.3
U1362,ba6b9edd,4.3
U1362,7c40137c,1.0
U1362,2c38846b,3.6
U1362,ae5c93e9,4.1
U1362,0cf42113,2.9
U1363,b72ca32a,3.6
U1363,aa72303e,2.2
U1363,de7a71c5,4.3
U1363,595dce42,2.1
U1363,4548b445,2.6
U1363,4177151b,4.9
U1363,21c46cc2,1.2
U1363,40091361,1.3
U1363,93fa45f1,3.0
U1363,98667158,3.6
U1364,16e0cbb0,3.5
U1364,fa035e10,1.7
U1364,517fa833,3.4
U1364,d6c1c16d,3.5
U1364,520c08e5,1.6
U1364,2f989acf,2.4
U1364,23568e73,1.6
U1364,45e44a3b,4.4
U1364,18cc40fa,2.2
U1364,f495612d,2.8
U1365,e3b2ee45,2.3
U1365,f96cc5cd,3.4
U1365,0cf42113,2.3
U1365,777d8854,4.5
U1365,96b7d4e5,3.6
U1365,2a971420,1.6
U1365,031fff72,1.9
U1365,fb76df07,3.8
U1365,12ad87e3,3.1
U1365,252d42f3,4.6
U1366,b9ebb179,1.8
U1366,3f91d5ed,2.6
U1366,7add4be3,1.3
U1366,eae09ea0,4.8
U1366,ec1fc2d3,2.0
U1366,1ecd183f,2.2
U1366,75709af0,1.4
U1366,fce463f6,1.6
U1366,5d7c1b6e,4.2
U1366,c504f755,4.9
U1367,c504f755,3.5
U1367,dcfdf0e8,1.9
U1367,d338450b,3.1
U1367,3f91d5ed,1.8
U1367,c44ef1dd,3.7
U1367,928b1a37,4.6
U1367,d13e2c83,2.6
U1367,f4ec99ac,4.3
U1367,12ad87e3,3.5
U1367,d9fabb1d,2.6
U1368,c1865a1e,3.0
U1368,94f553f4,3.7
U1368,a639fae4,2.0
U1368,830d1616,1.4
U1368,bd38cba4,4.1
U1368,96e255ed,2.2
U1368,358e57a8,1.8
U1368,cc1d2045,3.8
U1368,96d024f1,1.1
U1368,f454fa6f,4.1
U1369,fbde2c73,1.8
U1369,e99847ae,2.6
U1369,c44ef1dd,1.1
U1369,e7c355d0,4.7
U1369,4dfa6d08,3.1
U1369,7a56fc2c,4.4
U1369,66df45b6,2.4
U1369,3e32c087,4.1
U1369,aa8a1cde,1.3
U1369,a4ad5385,3.7
U1370,72f81330,2.4
U1370,e7893e0f,2.9
U1370,b4eea688,2.2
U1370,52c80218,3.5
U1370,1b126eb1,4.0
U1370,cd278864,4.8
U1370,fa385764,1.2
U1370,17c34e20,1.7
U1370,7c40137c,2.8
U1370,c1fb0ea0,3.6
U1371,34b8a92d,1.0
U1371,d9fabb1d,1.4
U1371,530cbd9c,4.0
U1371,2780d237,2.5
U1371,38ca5b6b,3.3
U1371,adb44e71,4.1
U1371,6802ebba,3.5
U1371,68bda325,1.8
U1371,af1a90ec,3.7
U1371,5074bf59,4.3
U1372,81ed414d,4.9
U1372,45e44a3b,2.8
U1372,845c2189,2.3
U1372,5c7a9ddf,4.4
U1372,022a2d21,2.9
U1372,e3e499e0,3.6
U1372,e72197e8,4.3
U1372,dd3c0a4b,3.7
U1372,9cedc10f,2.2
U1372,c3c86018,2.2
U1373,d9fabb1d,1.8
U1373,f57a2ec0,3.4
U1373,9cedc10f,3.9
U1373,f7e253d4,1.8
U1373,8f86d0c7,3.2
U1373,7c0ec156,2.7
U1373,9dcf8db2,1.1
U1373,7f393c30,1.2
U1373,a799369f,3.3
U1373,395c24a7,1.8
U1374,e79f8a52,2.6
U1374,0fb4ac55,3.9
U1374,73b3ba45,1.9
U1374,b9ebb179,1.2
U1374,8091ddcc,2.6
U1374,c4f2c597,3.6
U1374,3ccda57b,3.1
U1374,6b269064,3.7
U1374,7540eff6,3.9
U1374,96e255ed,3.8
U1375,55ddd85b,1.8
U1375,708df4d4,1.3
U1375,ec1fc2d3,1.1
U1375,d93da090,1.3
U1375,01095052,4.8
U1375,acd78257,3.5
U1375,6dd7b424,3.9
U1375,ba56c4ee,4.3
U1375,c95e0330,2.4
U1375,11af39e3,2.5
U1376,ba00f0ba,2.6
U1376,afd76e76,3.0
U1376,0d9b0003,3.9
U1376,52f2dbd9,1.5
U1376,9597c55d,4.8
U1376,4c5ec9d6,3.1
U1376,60decbad,3.7
U1376,d6c1c16d,4.9
U1376,81ed414d,1.9
U1376,f92f4747,4.1
U1377,3a40c1a9,2.0
U1377,928b1a37,4.9
U1377,3ccda57b,1.0
U1377,dd3c0a4b,1.2
U1377,5b0a0ee0,4.9
U1377,6d90ad69,1.7
U1377,4c5ec9d6,1.7
U1377,94faf927,1.3
U1377,6d14c01f,4.3
U1377,75cde3e3,3.6
U1378,595dce42,4.8
U1378,031fff72,1.1
U1378,caba31f4,3.4
U1378,5d278388,3.2
U1378,a2a1d7be,2.0
U1378,8b6db425,1.6
U1378,2235d8ee,4.7
U1378,5e480918,2.3
U1378,b117ff47,4.0
U1378,ae522cd4,2.2
U1379,9ab05fe1,2.5
U1379,17c34e20,1.2
U1379,637e6aa3,4.9
U1379,56d3cdf3,1.2
U1379,520c08e5,4.3
U1379,f869c0e6,2.1
U1379,d38f016d,4.4
U1379,2f4f7819,3.9
U1379,65226425,1.9
U1379,5cc4e2cd,2.9
U1380,637e6aa3,2.8
U1380,b419fca5,2.0
U1380,e3bf4dcd,3.7
U1380,e792d3ce,3.0
U1380,6537dc3c,2.1
U1380,ae5c93e9,2.1
U1380,7ecbee84,3.1
U1380,15bbff3b,3.4
U1380,f0c9cbff,4.3
U1380,38ca5b6b,3.3
U1381,7680a630,1.4
U1381,ae3acfd1,4.2
U1381,a2fa8c8f,3.0
U1381,a4ad5385,3.7
U1381,830d1616,3.4
U1381,55ddd85b,1.6
U1381,f9ba8ee6,3.7
U1381,29425725,2.7
U1381,1651eaf8,4.7
U1381,96b7d4e5,1.6
U1382,4177151b,2.8
U1382,7ecbee84,1.3
U1382,5074bf59,4.5
U1382,30bfc186,3.9
U1382,f461260f,3.0
U1382,d6fc0d64,1.7
U1382,eeedc572,3.2
U1382,dafe9152,1.7
U1382,1c48b51c,1.4
U1382,28f3bef4,2.9
U1383,fa035e10,4.2
U1383,1c0ff33e,1.4
U1383,a2a1d7be,4.4
U1383,830d1616,1.1
U1383,a5e9d090,2.9
U1383,f319505c,4.5
U1383,8f86d0c7,3.1
U1383,dee80741,3.1
U1383,193dda4a,1.7
U1383,b37ee992,2.8
U1384,17c34e20,1.8
U1384,cc1d2045,1.9
U1384,e124dce1,4.2
U1384,f319505c,4.7
U1384,6c33d0ab,2.4
U1384,dee80741,3.3
U1384,10fdb333,2.7
U1384,533d4b01,4.2
U1384,5e505e4d,4.6
U1384,c504f755,1.3
U1385,23568e73,4.6
U1385,cd3ecf94,2.3
U1385,7a56fc2c,2.2
U1385,85b108c5,2.7
U1385,b6b3e021,2.5
U1385,f0a3d090,4.0
U1385,358d096e,4.9
U1385,ba6b9edd,2.4
U1385,5e64bb8f,3.1
U1385,8f86d0c7,4.7
U1386,f9ba8ee6,3.2
U1386,69d6c8fd,2.8
U1386,da40dc19,1.3
U1386,6dd7b424,3.3
U1386,8f86d0c7,2.1
U1386,9ab05fe1,2.2
U1386,98667158,2.5
U1386,984f7997,3.9
U1386,29425725,4.2
U1386,5e4eb919,3.7
U1387,23568e73,1.5
U1387,48f256ba,2.4
U1387,5d7c1b6e,1.5
U1387,1051bfee,3.0
U1387,8c90681b,2.4
U1387,f57a2ec0,3.1
U1387,41f5595b,1.3
U1387,637e6aa3,3.4
U1387,b245c1aa,2.7
U1387,122d08d2,4.6
U1388,10303f23,1.8
U1388,66a0f670,1.3
U1388,358d096e,1.5
U1388,5c7a9ddf,3.4
U1388,52c80218,3.0
U1388,3a55e3cc,1.5
U1388,bd38cba4,3.6
U1388,83812064,1.4
U1388,552f4c29,2.2
U1388,fabb045f,4.4
U1389,fa035e10,1.7
U1389,b72ca32a,1.4
U1389,2b072b66,1.4
U1389,2972e819,1.7
U1389,90b8cb13,2.4
U1389,3a5f5532,4.5
U1389,d9d7260f,2.4
U1389,7680a630,4.5
U1389,96d024f1,1.1
U1389,ba6b9edd,3.6
U1390,e0f67c5c,1.2
U1390,af104b2e,4.7
U1390,b0a09f68,3.7
U1390,131d8bd4,2.5
U1390,a3af67ee,4.8
U1390,c781bf8a,2.8
U1390,4eb295cd,1.5
U1390,9eb60fd3,3.2
U1390,b0b74b52,4.6
U1390,b7e4c7aa,4.6
U1391,8fdac88e,1.3
U1391,23568e73,2.1
U1391,c1e44a99,2.2
U1391,96da513a,4.2
U1391,d13e2c83,1.8
U1391,9bcd4766,3.2
U1391,9f8d5b86,3.9
U1391,5edffe66,3.1
U1391,b83af3f6,2.2
U1391,aa4bab9a,1.1
U1392,16c233ca,1.4
U1392,e6539784,3.4
U1392,83812064,4.4
U1392,2c38846b,2.3
U1392,96d024f1,4.0
U1392,7f393c30,1.6
U1392,19b783dd,4.0
U1392,9dcf8db2,2.5
U1392,3f3863af,4.8
U1392,653ba8cd,2.0
U1393,75709af0,4.4
U1393,33208755,1.6
U1393,c8e94e65,4.3
U1393,436a0faa,2.7
U1393,6886c2dc,1.6
U1393,515057e9,1.1
U1393,94f553f4,1.9
U1393,34b8a92d,1.7
U1393,6ec7d345,3.7
U1393,8c51e689,2.1
U1394,777d8854,2.4
U1394,af104b2e,4.9
U1394,dab1b794,3.8
U1394,541e0458,2.8
U1394,0f34cdc1,2.9
U1394,59897df4,2.4
U1394,24107b4c,2.0
U1394,3bee5432,4.8
U1394,14525bfa,2.5
U1394,a4d2bf3c,4.2
U1395,5e64bb8f,1.6
U1395,1ecd183f,2.7
U1395,01095052,1.8
U1395,2f989acf,4.2
U1395,48f256ba,1.2
U1395,88d92c1f,2.6
U1395,d93da090,2.9
U1395,f319505c,1.5
U1395,3401b201,3.3
U1395,e3e499e0,1.8
U1396,ec772cb3,2.7
U1396,23e0e85c,4.3
U1396,7a56fc2c,4.3
U1396,b3ddac77,4.8
U1396,0f34cdc1,1.8
U1396,2972e819,3.1
U1396,ba6b9edd,1.8
U1396,adb44e71,3.6
U1396,b9464f09,2.9
U1396,cd6a4d46,3.7
U1397,19b783dd,1.1
U1397,52f2dbd9,4.0
U1397,4177151b,2.6
U1397,cc1d2045,1.8
U1397,5183649c,3.3
U1397,56545574,1.7
U1397,ba2ffc26,2.8
U1397,3ce53812,2.9
U1397,bcb3d140,1.7
U1397,85ebfef1,4.7
U1398,f0a3d090,1.1
U1398,f20d6021,1.7
U1398,9f03ff8b,3.0
U1398,819fcf93,3.7
U1398,2570b385,4.7
U1398,2db39208,1.3
U1398,969c69ea,2.4
U1398,538a4a2d,3.0
U1398,96b7d4e5,2.9
U1398,1fd91674,2.0
U1399,1c0ff33e,2.8
U1399,27f42714,2.7
U1399,4eb295cd,2.4
U1399,688f3f09,1.7
U1399,e124dce1,4.9
U1399,9bcd4766,4.8
U1399,6886c2dc,1.4
U1399,1da5d7d9,3.9
U1399,69d6c8fd,4.8
U1399,d93953e9,1.4
